codcentro	dencentro	nombrecentro	telefono	email	muunicipio	materia	clave	codcentro	enseñanza	curso	modalidad	nalumnos
22001887	Colegio de Educación Infantil y Primaria	SAN JOSÉ DE CALASANZ	974 47 27 06	cpjcfraga@educa.aragon.es	Fraga	Lengua Catalana	22001887	22001887	infantil	primero	Bilingüe Catalán	43
22001887	Colegio de Educación Infantil y Primaria	SAN JOSÉ DE CALASANZ	974 47 27 06	cpjcfraga@educa.aragon.es	Fraga	Lengua Catalana	22001887	22001887	infantil	segundo	Bilingüe Catalán	45
22001887	Colegio de Educación Infantil y Primaria	SAN JOSÉ DE CALASANZ	974 47 27 06	cpjcfraga@educa.aragon.es	Fraga	Lengua Catalana	22001887	22001887	infantil	tercero	Bilingüe Catalán	51
22001887	Colegio de Educación Infantil y Primaria	SAN JOSÉ DE CALASANZ	974 47 27 06	cpjcfraga@educa.aragon.es	Fraga	Lengua Catalana	22001887	22001887	primaria	primero	Bilingüe Catalán	48
22001887	Colegio de Educación Infantil y Primaria	SAN JOSÉ DE CALASANZ	974 47 27 06	cpjcfraga@educa.aragon.es	Fraga	Lengua Catalana	22001887	22001887	primaria	segundo	Bilingüe Catalán	46
22001887	Colegio de Educación Infantil y Primaria	SAN JOSÉ DE CALASANZ	974 47 27 06	cpjcfraga@educa.aragon.es	Fraga	Lengua Catalana	22001887	22001887	primaria	tercero	Bilingüe Catalán	50
22001887	Colegio de Educación Infantil y Primaria	SAN JOSÉ DE CALASANZ	974 47 27 06	cpjcfraga@educa.aragon.es	Fraga	Lengua Catalana	22001887	22001887	primaria	cuarto	Bilingüe Catalán	49
22001887	Colegio de Educación Infantil y Primaria	SAN JOSÉ DE CALASANZ	974 47 27 06	cpjcfraga@educa.aragon.es	Fraga	Lengua Catalana	22001887	22001887	primaria	quinto	Bilingüe Catalán	53
22001887	Colegio de Educación Infantil y Primaria	SAN JOSÉ DE CALASANZ	974 47 27 06	cpjcfraga@educa.aragon.es	Fraga	Lengua Catalana	22001887	22001887	primaria	sexto	Bilingüe Catalán	50
22001887	Colegio de Educación Infantil y Primaria	SAN JOSÉ DE CALASANZ	974 47 27 06	cpjcfraga@educa.aragon.es	Fraga	Lengua Catalana	22001887	22001887				0
22004608	Colegio de Educación Infantil y Primaria	SAN JUAN BAUTISTA	974 47 82 08	cpzaidin@educa.aragon.es	Zaidín	Lengua Catalana	22004608	22004608	infantil	primero	Bilingüe Catalán	16
22004608	Colegio de Educación Infantil y Primaria	SAN JUAN BAUTISTA	974 47 82 08	cpzaidin@educa.aragon.es	Zaidín	Lengua Catalana	22004608	22004608	infantil	segundo	Bilingüe Catalán	15
22004608	Colegio de Educación Infantil y Primaria	SAN JUAN BAUTISTA	974 47 82 08	cpzaidin@educa.aragon.es	Zaidín	Lengua Catalana	22004608	22004608	infantil	tercero	Bilingüe Catalán	15
22004608	Colegio de Educación Infantil y Primaria	SAN JUAN BAUTISTA	974 47 82 08	cpzaidin@educa.aragon.es	Zaidín	Lengua Catalana	22004608	22004608	primaria	primero	Bilingüe Catalán	6
22004608	Colegio de Educación Infantil y Primaria	SAN JUAN BAUTISTA	974 47 82 08	cpzaidin@educa.aragon.es	Zaidín	Lengua Catalana	22004608	22004608	primaria	segundo	Bilingüe Catalán	13
22004608	Colegio de Educación Infantil y Primaria	SAN JUAN BAUTISTA	974 47 82 08	cpzaidin@educa.aragon.es	Zaidín	Lengua Catalana	22004608	22004608	primaria	tercero	Bilingüe Catalán	8
22004608	Colegio de Educación Infantil y Primaria	SAN JUAN BAUTISTA	974 47 82 08	cpzaidin@educa.aragon.es	Zaidín	Lengua Catalana	22004608	22004608	primaria	cuarto	Bilingüe Catalán	9
22004608	Colegio de Educación Infantil y Primaria	SAN JUAN BAUTISTA	974 47 82 08	cpzaidin@educa.aragon.es	Zaidín	Lengua Catalana	22004608	22004608	primaria	quinto	Bilingüe Catalán	6
22004608	Colegio de Educación Infantil y Primaria	SAN JUAN BAUTISTA	974 47 82 08	cpzaidin@educa.aragon.es	Zaidín	Lengua Catalana	22004608	22004608	primaria	sexto	Bilingüe Catalán	14
22004608	Colegio de Educación Infantil y Primaria	SAN JUAN BAUTISTA	974 47 82 08	cpzaidin@educa.aragon.es	Zaidín	Lengua Catalana	22004608	22004608	eso	primero	Bilingüe Catalán	9
22004608	Colegio de Educación Infantil y Primaria	SAN JUAN BAUTISTA	974 47 82 08	cpzaidin@educa.aragon.es	Zaidín	Lengua Catalana	22004608	22004608	eso	segundo	Lengua Catalana	6
22004608	Colegio de Educación Infantil y Primaria	SAN JUAN BAUTISTA	974 47 82 08	cpzaidin@educa.aragon.es	Zaidín	Lengua Catalana	22004608	22004608				0
22001875	Colegio de Educación Infantil y Primaria	MIGUEL SERVET	974 47 04 98	cpmsfraga@educa.aragon.es	Fraga	Lengua Catalana	22001875	22001875	infantil	primero	Bilingüe Catalán	35
22001875	Colegio de Educación Infantil y Primaria	MIGUEL SERVET	974 47 04 98	cpmsfraga@educa.aragon.es	Fraga	Lengua Catalana	22001875	22001875	infantil	segundo	Bilingüe Catalán	30
22001875	Colegio de Educación Infantil y Primaria	MIGUEL SERVET	974 47 04 98	cpmsfraga@educa.aragon.es	Fraga	Lengua Catalana	22001875	22001875	infantil	tercero	Bilingüe Catalán	37
22001875	Colegio de Educación Infantil y Primaria	MIGUEL SERVET	974 47 04 98	cpmsfraga@educa.aragon.es	Fraga	Lengua Catalana	22001875	22001875	primaria	primero	Bilingüe Catalán	37
22001875	Colegio de Educación Infantil y Primaria	MIGUEL SERVET	974 47 04 98	cpmsfraga@educa.aragon.es	Fraga	Lengua Catalana	22001875	22001875	primaria	segundo	Bilingüe Catalán	43
22001875	Colegio de Educación Infantil y Primaria	MIGUEL SERVET	974 47 04 98	cpmsfraga@educa.aragon.es	Fraga	Lengua Catalana	22001875	22001875	primaria	tercero	Bilingüe Catalán	33
22001875	Colegio de Educación Infantil y Primaria	MIGUEL SERVET	974 47 04 98	cpmsfraga@educa.aragon.es	Fraga	Lengua Catalana	22001875	22001875	primaria	cuarto	Bilingüe Catalán	27
22001875	Colegio de Educación Infantil y Primaria	MIGUEL SERVET	974 47 04 98	cpmsfraga@educa.aragon.es	Fraga	Lengua Catalana	22001875	22001875	primaria	quinto	Bilingüe Catalán	28
22001875	Colegio de Educación Infantil y Primaria	MIGUEL SERVET	974 47 04 98	cpmsfraga@educa.aragon.es	Fraga	Lengua Catalana	22001875	22001875	primaria	sexto	Bilingüe Catalán	24
22001875	Colegio de Educación Infantil y Primaria	MIGUEL SERVET	974 47 04 98	cpmsfraga@educa.aragon.es	Fraga	Lengua Catalana	22001875	22001875				0
22001191	Colegio de Educación Infantil y Primaria	Virgen de la Soledad		cpbolea@educa.aragon.es	Bolea	Aragonés	22001191	22001191	infantil	primero	Lengua Aragonesa	0
22001191	Colegio de Educación Infantil y Primaria	Virgen de la Soledad		cpbolea@educa.aragon.es	Bolea	Aragonés	22001191	22001191	infantil	segundo	Lengua Aragonesa	0
22001191	Colegio de Educación Infantil y Primaria	Virgen de la Soledad		cpbolea@educa.aragon.es	Bolea	Aragonés	22001191	22001191	infantil	tercero	Lengua Aragonesa	0
22001191	Colegio de Educación Infantil y Primaria	Virgen de la Soledad		cpbolea@educa.aragon.es	Bolea	Aragonés	22001191	22001191	primaria	primero	Lengua Aragonesa	1
22001191	Colegio de Educación Infantil y Primaria	Virgen de la Soledad		cpbolea@educa.aragon.es	Bolea	Aragonés	22001191	22001191	primaria	segundo	Lengua Aragonesa	0
22001191	Colegio de Educación Infantil y Primaria	Virgen de la Soledad		cpbolea@educa.aragon.es	Bolea	Aragonés	22001191	22001191	primaria	tercero	Lengua Aragonesa	1
22001191	Colegio de Educación Infantil y Primaria	Virgen de la Soledad		cpbolea@educa.aragon.es	Bolea	Aragonés	22001191	22001191	primaria	cuarto	Lengua Aragonesa	1
22001191	Colegio de Educación Infantil y Primaria	Virgen de la Soledad		cpbolea@educa.aragon.es	Bolea	Aragonés	22001191	22001191	primaria	quinto	Lengua Aragonesa	2
22001191	Colegio de Educación Infantil y Primaria	Virgen de la Soledad		cpbolea@educa.aragon.es	Bolea	Aragonés	22001191	22001191	primaria	sexto	Lengua Aragonesa	0
22001191	Colegio de Educación Infantil y Primaria	Virgen de la Soledad		cpbolea@educa.aragon.es	Bolea	Aragonés	22001191	22001191				0
22005406	Instituto de Enseñanza Secundaria	Sobrarbe		iesainsa@educa.aragon.es	Ainsa	Aragonés	22005406	22005406	eso	primero	Lengua Aragonesa	0
22005406	Instituto de Enseñanza Secundaria	Sobrarbe		iesainsa@educa.aragon.es	Ainsa	Aragonés	22005406	22005406	eso	segundo	Lengua Aragonesa	0
22005406	Instituto de Enseñanza Secundaria	Sobrarbe		iesainsa@educa.aragon.es	Ainsa	Aragonés	22005406	22005406	eso	tercero	Lengua Aragonesa	0
22005406	Instituto de Enseñanza Secundaria	Sobrarbe		iesainsa@educa.aragon.es	Ainsa	Aragonés	22005406	22005406	eso	cuarto	Lengua Aragonesa	0
22005406	Instituto de Enseñanza Secundaria	Sobrarbe		iesainsa@educa.aragon.es	Ainsa	Aragonés	22005406	22005406	bachillerato	primero	Lengua Aragonesa	0
22005406	Instituto de Enseñanza Secundaria	Sobrarbe		iesainsa@educa.aragon.es	Ainsa	Aragonés	22005406	22005406	bachillerato	segundo	Lengua Aragonesa	0
22005406	Instituto de Enseñanza Secundaria	Sobrarbe		iesainsa@educa.aragon.es	Ainsa	Aragonés	22005406	22005406				0
22004271	Colegio de Educación Infantil y Primaria	SAN MIGUEL	974 42 03 71	cpsmtamarite@educa.aragon.es	Tamarite de Litera	Lengua Catalana	22004271	22004271	infantil	primero	Lengua Catalana	20
22004271	Colegio de Educación Infantil y Primaria	SAN MIGUEL	974 42 03 71	cpsmtamarite@educa.aragon.es	Tamarite de Litera	Lengua Catalana	22004271	22004271	infantil	segundo	Lengua Catalana	22
22004271	Colegio de Educación Infantil y Primaria	SAN MIGUEL	974 42 03 71	cpsmtamarite@educa.aragon.es	Tamarite de Litera	Lengua Catalana	22004271	22004271	infantil	tercero	Lengua Catalana	24
22004271	Colegio de Educación Infantil y Primaria	SAN MIGUEL	974 42 03 71	cpsmtamarite@educa.aragon.es	Tamarite de Litera	Lengua Catalana	22004271	22004271	primaria	primero	Lengua Catalana	33
22004271	Colegio de Educación Infantil y Primaria	SAN MIGUEL	974 42 03 71	cpsmtamarite@educa.aragon.es	Tamarite de Litera	Lengua Catalana	22004271	22004271	primaria	segundo	Lengua Catalana	23
22004271	Colegio de Educación Infantil y Primaria	SAN MIGUEL	974 42 03 71	cpsmtamarite@educa.aragon.es	Tamarite de Litera	Lengua Catalana	22004271	22004271	primaria	tercero	Lengua Catalana	14
22004271	Colegio de Educación Infantil y Primaria	SAN MIGUEL	974 42 03 71	cpsmtamarite@educa.aragon.es	Tamarite de Litera	Lengua Catalana	22004271	22004271	primaria	cuarto	Lengua Catalana	35
22004271	Colegio de Educación Infantil y Primaria	SAN MIGUEL	974 42 03 71	cpsmtamarite@educa.aragon.es	Tamarite de Litera	Lengua Catalana	22004271	22004271	primaria	quinto	Lengua Catalana	35
22004271	Colegio de Educación Infantil y Primaria	SAN MIGUEL	974 42 03 71	cpsmtamarite@educa.aragon.es	Tamarite de Litera	Lengua Catalana	22004271	22004271	primaria	sexto	Lengua Catalana	24
22004271	Colegio de Educación Infantil y Primaria	SAN MIGUEL	974 42 03 71	cpsmtamarite@educa.aragon.es	Tamarite de Litera	Lengua Catalana	22004271	22004271				0
50002123	Colegio de Educación Infantil y Primaria	NTRA. SRA. DEL PILAR	976 63 56 92	cpfayon@educa.aragon.es	Fayón	Lengua Catalana	50002123	50002123	infantil	primero	Lengua Catalana	7
50002123	Colegio de Educación Infantil y Primaria	NTRA. SRA. DEL PILAR	976 63 56 92	cpfayon@educa.aragon.es	Fayón	Lengua Catalana	50002123	50002123	infantil	segundo	Lengua Catalana	1
50002123	Colegio de Educación Infantil y Primaria	NTRA. SRA. DEL PILAR	976 63 56 92	cpfayon@educa.aragon.es	Fayón	Lengua Catalana	50002123	50002123	infantil	tercero	Lengua Catalana	6
50002123	Colegio de Educación Infantil y Primaria	NTRA. SRA. DEL PILAR	976 63 56 92	cpfayon@educa.aragon.es	Fayón	Lengua Catalana	50002123	50002123	primaria	primero	Lengua Catalana	8
50002123	Colegio de Educación Infantil y Primaria	NTRA. SRA. DEL PILAR	976 63 56 92	cpfayon@educa.aragon.es	Fayón	Lengua Catalana	50002123	50002123	primaria	segundo	Lengua Catalana	5
50002123	Colegio de Educación Infantil y Primaria	NTRA. SRA. DEL PILAR	976 63 56 92	cpfayon@educa.aragon.es	Fayón	Lengua Catalana	50002123	50002123	primaria	tercero	Lengua Catalana	2
50002123	Colegio de Educación Infantil y Primaria	NTRA. SRA. DEL PILAR	976 63 56 92	cpfayon@educa.aragon.es	Fayón	Lengua Catalana	50002123	50002123	primaria	cuarto	Lengua Catalana	1
50002123	Colegio de Educación Infantil y Primaria	NTRA. SRA. DEL PILAR	976 63 56 92	cpfayon@educa.aragon.es	Fayón	Lengua Catalana	50002123	50002123	primaria	quinto	Lengua Catalana	3
50002123	Colegio de Educación Infantil y Primaria	NTRA. SRA. DEL PILAR	976 63 56 92	cpfayon@educa.aragon.es	Fayón	Lengua Catalana	50002123	50002123	primaria	sexto	Lengua Catalana	2
50002123	Colegio de Educación Infantil y Primaria	NTRA. SRA. DEL PILAR	976 63 56 92	cpfayon@educa.aragon.es	Fayón	Lengua Catalana	50002123	50002123				0
44003715	Colegio de Educación Infantil y Primaria	VICENTE FERRER RAMOS	978 85 06 55	cpvfvalderrobres@educa.aragon.es	Valderrobres	Lengua Catalana	44003715	44003715	infantil	segundo	Lengua Catalana	12
44003715	Colegio de Educación Infantil y Primaria	VICENTE FERRER RAMOS	978 85 06 55	cpvfvalderrobres@educa.aragon.es	Valderrobres	Lengua Catalana	44003715	44003715	infantil	primero	Lengua Catalana	9
44003715	Colegio de Educación Infantil y Primaria	VICENTE FERRER RAMOS	978 85 06 55	cpvfvalderrobres@educa.aragon.es	Valderrobres	Lengua Catalana	44003715	44003715	infantil	tercero	Lengua Catalana	16
44003715	Colegio de Educación Infantil y Primaria	VICENTE FERRER RAMOS	978 85 06 55	cpvfvalderrobres@educa.aragon.es	Valderrobres	Lengua Catalana	44003715	44003715	primaria	primero	Lengua Catalana	18
44003715	Colegio de Educación Infantil y Primaria	VICENTE FERRER RAMOS	978 85 06 55	cpvfvalderrobres@educa.aragon.es	Valderrobres	Lengua Catalana	44003715	44003715	infantil	cuarto	Lengua Catalana	15
44003715	Colegio de Educación Infantil y Primaria	VICENTE FERRER RAMOS	978 85 06 55	cpvfvalderrobres@educa.aragon.es	Valderrobres	Lengua Catalana	44003715	44003715	infantil	quinto	Lengua Catalana	8
44003715	Colegio de Educación Infantil y Primaria	VICENTE FERRER RAMOS	978 85 06 55	cpvfvalderrobres@educa.aragon.es	Valderrobres	Lengua Catalana	44003715	44003715	infantil	sexto	Lengua Catalana	14
44003715	Colegio de Educación Infantil y Primaria	VICENTE FERRER RAMOS	978 85 06 55	cpvfvalderrobres@educa.aragon.es	Valderrobres	Lengua Catalana	44003715	44003715	infantil	primero	Lengua Aragonesa	0
44003715	Colegio de Educación Infantil y Primaria	VICENTE FERRER RAMOS	978 85 06 55	cpvfvalderrobres@educa.aragon.es	Valderrobres	Lengua Catalana	44003715	44003715				0
50011689	IES	Joaquin Torres	974465073		mequinenza	Lengua Catalana	50011689	50011689	eso	primero	Lengua Catalana	10
50011689	IES	Joaquin Torres	974465073		mequinenza	Lengua Catalana	50011689	50011689	eso	segundo	Lengua Catalana	17
50011689	IES	Joaquin Torres	974465073		mequinenza	Lengua Catalana	50011689	50011689	eso	tercero	Lengua Catalana	13
50011689	IES	Joaquin Torres	974465073		mequinenza	Lengua Catalana	50011689	50011689	eso	cuarto	Lengua Catalana	13
50011689	IES	Joaquin Torres	974465073		mequinenza	Lengua Catalana	50011689	50011689				0
22005807	Colegio Rural Agrupado	RIBERA DEL CINCA	974 46 71 42	cratorrente@educa.aragon.es	Torrente de Cinca	Lengua Catalana	22005807	22005807	infantil	primero	Lengua Catalana	16
22005807	Colegio Rural Agrupado	RIBERA DEL CINCA	974 46 71 42	cratorrente@educa.aragon.es	Torrente de Cinca	Lengua Catalana	22005807	22005807	infantil	segundo	Lengua Catalana	15
22005807	Colegio Rural Agrupado	RIBERA DEL CINCA	974 46 71 42	cratorrente@educa.aragon.es	Torrente de Cinca	Lengua Catalana	22005807	22005807	infantil	tercero	Lengua Catalana	11
22005807	Colegio Rural Agrupado	RIBERA DEL CINCA	974 46 71 42	cratorrente@educa.aragon.es	Torrente de Cinca	Lengua Catalana	22005807	22005807	primaria	primero	Lengua Catalana	9
22005807	Colegio Rural Agrupado	RIBERA DEL CINCA	974 46 71 42	cratorrente@educa.aragon.es	Torrente de Cinca	Lengua Catalana	22005807	22005807	primaria	segundo	Lengua Catalana	14
22005807	Colegio Rural Agrupado	RIBERA DEL CINCA	974 46 71 42	cratorrente@educa.aragon.es	Torrente de Cinca	Lengua Catalana	22005807	22005807	primaria	tercero	Lengua Catalana	10
22005807	Colegio Rural Agrupado	RIBERA DEL CINCA	974 46 71 42	cratorrente@educa.aragon.es	Torrente de Cinca	Lengua Catalana	22005807	22005807	primaria	cuarto	Lengua Catalana	13
22005807	Colegio Rural Agrupado	RIBERA DEL CINCA	974 46 71 42	cratorrente@educa.aragon.es	Torrente de Cinca	Lengua Catalana	22005807	22005807	primaria	quinto	Lengua Catalana	10
22005807	Colegio Rural Agrupado	RIBERA DEL CINCA	974 46 71 42	cratorrente@educa.aragon.es	Torrente de Cinca	Lengua Catalana	22005807	22005807	primaria	sexto	Lengua Catalana	9
22005807	Colegio Rural Agrupado	RIBERA DEL CINCA	974 46 71 42	cratorrente@educa.aragon.es	Torrente de Cinca	Lengua Catalana	22005807	22005807				0
44004744	Colegio Rural Agrupado	ALIFARA	978 85 45 53	craalifara@educa.aragon.es	Fresneda (La)	Lengua Catalana	44004744	44004744	infantil	primero	Lengua Catalana	9
44004744	Colegio Rural Agrupado	ALIFARA	978 85 45 53	craalifara@educa.aragon.es	Fresneda (La)	Lengua Catalana	44004744	44004744	infantil	segundo	Lengua Catalana	6
44004744	Colegio Rural Agrupado	ALIFARA	978 85 45 53	craalifara@educa.aragon.es	Fresneda (La)	Lengua Catalana	44004744	44004744	infantil	tercero	Lengua Catalana	9
44004744	Colegio Rural Agrupado	ALIFARA	978 85 45 53	craalifara@educa.aragon.es	Fresneda (La)	Lengua Catalana	44004744	44004744	primaria	primero	Lengua Catalana	9
44004744	Colegio Rural Agrupado	ALIFARA	978 85 45 53	craalifara@educa.aragon.es	Fresneda (La)	Lengua Catalana	44004744	44004744	primaria	segundo	Lengua Catalana	13
44004744	Colegio Rural Agrupado	ALIFARA	978 85 45 53	craalifara@educa.aragon.es	Fresneda (La)	Lengua Catalana	44004744	44004744	primaria	tercero	Lengua Catalana	5
44004744	Colegio Rural Agrupado	ALIFARA	978 85 45 53	craalifara@educa.aragon.es	Fresneda (La)	Lengua Catalana	44004744	44004744	primaria	cuarto	Lengua Catalana	6
44004744	Colegio Rural Agrupado	ALIFARA	978 85 45 53	craalifara@educa.aragon.es	Fresneda (La)	Lengua Catalana	44004744	44004744	primaria	quinto	Lengua Catalana	4
44004744	Colegio Rural Agrupado	ALIFARA	978 85 45 53	craalifara@educa.aragon.es	Fresneda (La)	Lengua Catalana	44004744	44004744	primaria	sexto	Lengua Catalana	4
44004744	Colegio Rural Agrupado	ALIFARA	978 85 45 53	craalifara@educa.aragon.es	Fresneda (La)	Lengua Catalana	44004744	44004744				0
22002341	Colegio de Educación Infantil y Primaria	Sancho Ramirez		cpsrahuesca@educa.aragon.es	Huesca	Aragonés	22002341	22002341	infantil	primero	Lengua Aragonesa	0
22002341	Colegio de Educación Infantil y Primaria	Sancho Ramirez		cpsrahuesca@educa.aragon.es	Huesca	Aragonés	22002341	22002341	infantil	tercero	Lengua Aragonesa	3
22002341	Colegio de Educación Infantil y Primaria	Sancho Ramirez		cpsrahuesca@educa.aragon.es	Huesca	Aragonés	22002341	22002341	primaria	primero	Lengua Aragonesa	3
22002341	Colegio de Educación Infantil y Primaria	Sancho Ramirez		cpsrahuesca@educa.aragon.es	Huesca	Aragonés	22002341	22002341	primaria	tercero	Lengua Aragonesa	2
22002341	Colegio de Educación Infantil y Primaria	Sancho Ramirez		cpsrahuesca@educa.aragon.es	Huesca	Aragonés	22002341	22002341	primaria	quinto	Lengua Aragonesa	3
22002341	Colegio de Educación Infantil y Primaria	Sancho Ramirez		cpsrahuesca@educa.aragon.es	Huesca	Aragonés	22002341	22002341				0
44004756	Colegio Rural Agrupado	TASTAVINS	978 89 67 96	crapenarroya@educa.aragon.es	Peñarroya de Tastavins	Lengua Catalana	44004756	44004756	infantil	primero	Lengua Catalana	7
44004756	Colegio Rural Agrupado	TASTAVINS	978 89 67 96	crapenarroya@educa.aragon.es	Peñarroya de Tastavins	Lengua Catalana	44004756	44004756	infantil	segundo	Lengua Catalana	3
44004756	Colegio Rural Agrupado	TASTAVINS	978 89 67 96	crapenarroya@educa.aragon.es	Peñarroya de Tastavins	Lengua Catalana	44004756	44004756	infantil	tercero	Lengua Catalana	8
44004756	Colegio Rural Agrupado	TASTAVINS	978 89 67 96	crapenarroya@educa.aragon.es	Peñarroya de Tastavins	Lengua Catalana	44004756	44004756	primaria	primero	Lengua Catalana	3
44004756	Colegio Rural Agrupado	TASTAVINS	978 89 67 96	crapenarroya@educa.aragon.es	Peñarroya de Tastavins	Lengua Catalana	44004756	44004756	primaria	segundo	Lengua Catalana	7
44004756	Colegio Rural Agrupado	TASTAVINS	978 89 67 96	crapenarroya@educa.aragon.es	Peñarroya de Tastavins	Lengua Catalana	44004756	44004756	primaria	tercero	Lengua Catalana	12
44004756	Colegio Rural Agrupado	TASTAVINS	978 89 67 96	crapenarroya@educa.aragon.es	Peñarroya de Tastavins	Lengua Catalana	44004756	44004756	primaria	cuarto	Lengua Catalana	6
44004756	Colegio Rural Agrupado	TASTAVINS	978 89 67 96	crapenarroya@educa.aragon.es	Peñarroya de Tastavins	Lengua Catalana	44004756	44004756	primaria	quinto	Lengua Catalana	8
44004756	Colegio Rural Agrupado	TASTAVINS	978 89 67 96	crapenarroya@educa.aragon.es	Peñarroya de Tastavins	Lengua Catalana	44004756	44004756	primaria	sexto	Lengua Catalana	9
44004756	Colegio Rural Agrupado	TASTAVINS	978 89 67 96	crapenarroya@educa.aragon.es	Peñarroya de Tastavins	Lengua Catalana	44004756	44004756				0
22003586	Colegio Rural Agrupado	CINCA-CINQUETA	974 50 61 61	crabielsa@educa.aragon.es	Plan	Aragonés	22003586	22003586	infantil	primero	Lengua Aragonesa	3
22003586	Colegio Rural Agrupado	CINCA-CINQUETA	974 50 61 61	crabielsa@educa.aragon.es	Plan	Aragonés	22003586	22003586	infantil	segundo	Lengua Aragonesa	9
22003586	Colegio Rural Agrupado	CINCA-CINQUETA	974 50 61 61	crabielsa@educa.aragon.es	Plan	Aragonés	22003586	22003586	infantil	tercero	Lengua Aragonesa	11
22003586	Colegio Rural Agrupado	CINCA-CINQUETA	974 50 61 61	crabielsa@educa.aragon.es	Plan	Aragonés	22003586	22003586	primaria	primero	Lengua Aragonesa	11
22003586	Colegio Rural Agrupado	CINCA-CINQUETA	974 50 61 61	crabielsa@educa.aragon.es	Plan	Aragonés	22003586	22003586	primaria	segundo	Lengua Aragonesa	8
22003586	Colegio Rural Agrupado	CINCA-CINQUETA	974 50 61 61	crabielsa@educa.aragon.es	Plan	Aragonés	22003586	22003586	primaria	tercero	Lengua Aragonesa	5
22003586	Colegio Rural Agrupado	CINCA-CINQUETA	974 50 61 61	crabielsa@educa.aragon.es	Plan	Aragonés	22003586	22003586	primaria	cuarto	Lengua Aragonesa	6
22003586	Colegio Rural Agrupado	CINCA-CINQUETA	974 50 61 61	crabielsa@educa.aragon.es	Plan	Aragonés	22003586	22003586	primaria	quinto	Lengua Aragonesa	14
22003586	Colegio Rural Agrupado	CINCA-CINQUETA	974 50 61 61	crabielsa@educa.aragon.es	Plan	Aragonés	22003586	22003586	primaria	sexto	Lengua Aragonesa	8
22003586	Colegio Rural Agrupado	CINCA-CINQUETA	974 50 61 61	crabielsa@educa.aragon.es	Plan	Aragonés	22003586	22003586				0
22001243	Colegio Rural Agrupado	ALTO ARA	974 486 317	crabroto@educa.aragon.es	Broto	Aragonés	22001243	22001243	infantil	tercero	Lengua Aragonesa	13
22001243	Colegio Rural Agrupado	ALTO ARA	974 486 317	crabroto@educa.aragon.es	Broto	Aragonés	22001243	22001243	infantil	segundo	Lengua Aragonesa	14
22001243	Colegio Rural Agrupado	ALTO ARA	974 486 317	crabroto@educa.aragon.es	Broto	Aragonés	22001243	22001243	infantil	primero	Lengua Aragonesa	14
22001243	Colegio Rural Agrupado	ALTO ARA	974 486 317	crabroto@educa.aragon.es	Broto	Aragonés	22001243	22001243	primaria	tercero	Lengua Aragonesa	13
22001243	Colegio Rural Agrupado	ALTO ARA	974 486 317	crabroto@educa.aragon.es	Broto	Aragonés	22001243	22001243	primaria	segundo	Lengua Aragonesa	10
22001243	Colegio Rural Agrupado	ALTO ARA	974 486 317	crabroto@educa.aragon.es	Broto	Aragonés	22001243	22001243	primaria	primero	Lengua Aragonesa	9
22001243	Colegio Rural Agrupado	ALTO ARA	974 486 317	crabroto@educa.aragon.es	Broto	Aragonés	22001243	22001243	primaria	cuarto	Lengua Aragonesa	11
22001243	Colegio Rural Agrupado	ALTO ARA	974 486 317	crabroto@educa.aragon.es	Broto	Aragonés	22001243	22001243	primaria	quinto	Lengua Aragonesa	11
22001243	Colegio Rural Agrupado	ALTO ARA	974 486 317	crabroto@educa.aragon.es	Broto	Aragonés	22001243	22001243	primaria	sexto	Lengua Aragonesa	9
22001243	Colegio Rural Agrupado	ALTO ARA	974 486 317	crabroto@educa.aragon.es	Broto	Aragonés	22001243	22001243				0
50011665	Instituto de Enseñanza Secundaria	BAIX MATARRANYA		iesmaella@educa.aragon.es	Maella	Lengua Catalana	50011665	50011665	eso	primero	Lengua Catalana	23
50011665	Instituto de Enseñanza Secundaria	BAIX MATARRANYA		iesmaella@educa.aragon.es	Maella	Lengua Catalana	50011665	50011665	eso	segundo	Lengua Catalana	12
50011665	Instituto de Enseñanza Secundaria	BAIX MATARRANYA		iesmaella@educa.aragon.es	Maella	Lengua Catalana	50011665	50011665	eso	tercero	Lengua Catalana	9
50011665	Instituto de Enseñanza Secundaria	BAIX MATARRANYA		iesmaella@educa.aragon.es	Maella	Lengua Catalana	50011665	50011665	eso	cuarto	Lengua Catalana	9
50011665	Instituto de Enseñanza Secundaria	BAIX MATARRANYA		iesmaella@educa.aragon.es	Maella	Lengua Catalana	50011665	50011665				0
50003048	Colegio de Educación Infantil y Primaria	MARÍA QUINTANA	974 46 42 70	cpmequinenza@educa.aragon.es	Mequinenza	Lengua Catalana	50003048	50003048	infantil	primero	Lengua Catalana	8
50003048	Colegio de Educación Infantil y Primaria	MARÍA QUINTANA	974 46 42 70	cpmequinenza@educa.aragon.es	Mequinenza	Lengua Catalana	50003048	50003048	infantil	tercero	Lengua Catalana	28
50003048	Colegio de Educación Infantil y Primaria	MARÍA QUINTANA	974 46 42 70	cpmequinenza@educa.aragon.es	Mequinenza	Lengua Catalana	50003048	50003048	primaria	primero	Lengua Catalana	16
50003048	Colegio de Educación Infantil y Primaria	MARÍA QUINTANA	974 46 42 70	cpmequinenza@educa.aragon.es	Mequinenza	Lengua Catalana	50003048	50003048	primaria	tercero	Lengua Catalana	20
50003048	Colegio de Educación Infantil y Primaria	MARÍA QUINTANA	974 46 42 70	cpmequinenza@educa.aragon.es	Mequinenza	Lengua Catalana	50003048	50003048	infantil	segundo	Lengua Catalana	23
50003048	Colegio de Educación Infantil y Primaria	MARÍA QUINTANA	974 46 42 70	cpmequinenza@educa.aragon.es	Mequinenza	Lengua Catalana	50003048	50003048	primaria	cuarto	Lengua Catalana	17
50003048	Colegio de Educación Infantil y Primaria	MARÍA QUINTANA	974 46 42 70	cpmequinenza@educa.aragon.es	Mequinenza	Lengua Catalana	50003048	50003048	primaria	sexto	Lengua Catalana	21
50003048	Colegio de Educación Infantil y Primaria	MARÍA QUINTANA	974 46 42 70	cpmequinenza@educa.aragon.es	Mequinenza	Lengua Catalana	50003048	50003048	primaria	quinto	Lengua Catalana	13
50003048	Colegio de Educación Infantil y Primaria	MARÍA QUINTANA	974 46 42 70	cpmequinenza@educa.aragon.es	Mequinenza	Lengua Catalana	50003048	50003048				0
22003835	Colegio de Educación Infantil y Primaria	Montecorona	974 48 40 38	ceipmontecorona@educa.aragon.es	Sabiñánigo	Aragonés	22003835	22003835	infantil	tercero	Lengua Aragonesa	2
22003835	Colegio de Educación Infantil y Primaria	Montecorona	974 48 40 38	ceipmontecorona@educa.aragon.es	Sabiñánigo	Aragonés	22003835	22003835	primaria	primero	Lengua Aragonesa	1
22003835	Colegio de Educación Infantil y Primaria	Montecorona	974 48 40 38	ceipmontecorona@educa.aragon.es	Sabiñánigo	Aragonés	22003835	22003835	primaria	tercero	Lengua Aragonesa	3
22003835	Colegio de Educación Infantil y Primaria	Montecorona	974 48 40 38	ceipmontecorona@educa.aragon.es	Sabiñánigo	Aragonés	22003835	22003835	primaria	cuarto	Lengua Aragonesa	1
22003835	Colegio de Educación Infantil y Primaria	Montecorona	974 48 40 38	ceipmontecorona@educa.aragon.es	Sabiñánigo	Aragonés	22003835	22003835				0
22006125	Sección del Instituto de Enseñanza Secundaria	Biescas	974 49 56 34	jefaturabiescas@iesbielloaragon.es	Biescas	Aragonés	22006125	22006125	eso	primero	Lengua Aragonesa	0
22006125	Sección del Instituto de Enseñanza Secundaria	Biescas	974 49 56 34	jefaturabiescas@iesbielloaragon.es	Biescas	Aragonés	22006125	22006125	eso	segundo	Lengua Aragonesa	5
50011343	Colegio Rural Agrupado	FABARA-NONASPE DOS AGUAS	976 63 50 44	crafabara@educa.aragon.es	Fabara	Lengua Catalana	50011343	50011343	infantil	primero	Lengua Catalana	10
50011343	Colegio Rural Agrupado	FABARA-NONASPE DOS AGUAS	976 63 50 44	crafabara@educa.aragon.es	Fabara	Lengua Catalana	50011343	50011343	infantil	segundo	Lengua Catalana	10
50011343	Colegio Rural Agrupado	FABARA-NONASPE DOS AGUAS	976 63 50 44	crafabara@educa.aragon.es	Fabara	Lengua Catalana	50011343	50011343	infantil	tercero	Lengua Catalana	6
50011343	Colegio Rural Agrupado	FABARA-NONASPE DOS AGUAS	976 63 50 44	crafabara@educa.aragon.es	Fabara	Lengua Catalana	50011343	50011343	primaria	primero	Lengua Catalana	14
50011343	Colegio Rural Agrupado	FABARA-NONASPE DOS AGUAS	976 63 50 44	crafabara@educa.aragon.es	Fabara	Lengua Catalana	50011343	50011343	primaria	segundo	Lengua Catalana	10
50011343	Colegio Rural Agrupado	FABARA-NONASPE DOS AGUAS	976 63 50 44	crafabara@educa.aragon.es	Fabara	Lengua Catalana	50011343	50011343	primaria	tercero	Lengua Catalana	12
50011343	Colegio Rural Agrupado	FABARA-NONASPE DOS AGUAS	976 63 50 44	crafabara@educa.aragon.es	Fabara	Lengua Catalana	50011343	50011343	primaria	cuarto	Lengua Catalana	11
50011343	Colegio Rural Agrupado	FABARA-NONASPE DOS AGUAS	976 63 50 44	crafabara@educa.aragon.es	Fabara	Lengua Catalana	50011343	50011343	primaria	quinto	Lengua Catalana	11
50011343	Colegio Rural Agrupado	FABARA-NONASPE DOS AGUAS	976 63 50 44	crafabara@educa.aragon.es	Fabara	Lengua Catalana	50011343	50011343	primaria	sexto	Lengua Catalana	9
50011343	Colegio Rural Agrupado	FABARA-NONASPE DOS AGUAS	976 63 50 44	crafabara@educa.aragon.es	Fabara	Lengua Catalana	50011343	50011343				0
22005704	Colegio Rural Agrupado	Baja Ribagorza		cracapella@educa.aragon.es	Capella	Aragonés	22005704	22005704	infantil	primero	Bilingüe Catalán	0
22005704	Colegio Rural Agrupado	Baja Ribagorza		cracapella@educa.aragon.es	Capella	Aragonés	22005704	22005704	infantil	primero	Lengua Aragonesa	5
22005704	Colegio Rural Agrupado	Baja Ribagorza		cracapella@educa.aragon.es	Capella	Aragonés	22005704	22005704	infantil	segundo	Lengua Aragonesa	10
22005704	Colegio Rural Agrupado	Baja Ribagorza		cracapella@educa.aragon.es	Capella	Aragonés	22005704	22005704	infantil	tercero	Lengua Aragonesa	6
22005704	Colegio Rural Agrupado	Baja Ribagorza		cracapella@educa.aragon.es	Capella	Aragonés	22005704	22005704				0
22006137	Centro de Educación Secundaria	Valle de Benasque	974 55 21 07	correo@cesbenasque.es	Benasque	Aragonés	22006137	22006137	eso	primero	Lengua Aragonesa	11
22006137	Centro de Educación Secundaria	Valle de Benasque	974 55 21 07	correo@cesbenasque.es	Benasque	Aragonés	22006137	22006137	eso	segundo	Lengua Aragonesa	1
22006137	Centro de Educación Secundaria	Valle de Benasque	974 55 21 07	correo@cesbenasque.es	Benasque	Aragonés	22006137	22006137	eso	tercero	Lengua Aragonesa	2
22006137	Centro de Educación Secundaria	Valle de Benasque	974 55 21 07	correo@cesbenasque.es	Benasque	Aragonés	22006137	22006137	eso	cuarto	Lengua Aragonesa	2
22006137	Centro de Educación Secundaria	Valle de Benasque	974 55 21 07	correo@cesbenasque.es	Benasque	Aragonés	22006137	22006137				0
22010992	Colegio de Educación Infantil y Primaria	ARÉN	974 54 20 70	ceiparen@educa.aragon.es	Arén	Lengua Catalana	22010992	22010992	infantil	primero	Lengua Catalana	4
22010992	Colegio de Educación Infantil y Primaria	ARÉN	974 54 20 70	ceiparen@educa.aragon.es	Arén	Lengua Catalana	22010992	22010992	infantil	tercero	Lengua Catalana	1
22010992	Colegio de Educación Infantil y Primaria	ARÉN	974 54 20 70	ceiparen@educa.aragon.es	Arén	Lengua Catalana	22010992	22010992	primaria	primero	Lengua Catalana	2
22010992	Colegio de Educación Infantil y Primaria	ARÉN	974 54 20 70	ceiparen@educa.aragon.es	Arén	Lengua Catalana	22010992	22010992	primaria	segundo	Lengua Catalana	1
22010992	Colegio de Educación Infantil y Primaria	ARÉN	974 54 20 70	ceiparen@educa.aragon.es	Arén	Lengua Catalana	22010992	22010992	primaria	tercero	Lengua Catalana	1
22010992	Colegio de Educación Infantil y Primaria	ARÉN	974 54 20 70	ceiparen@educa.aragon.es	Arén	Lengua Catalana	22010992	22010992	primaria	cuarto	Lengua Catalana	1
22010992	Colegio de Educación Infantil y Primaria	ARÉN	974 54 20 70	ceiparen@educa.aragon.es	Arén	Lengua Catalana	22010992	22010992	primaria	quinto	Lengua Catalana	1
22010992	Colegio de Educación Infantil y Primaria	ARÉN	974 54 20 70	ceiparen@educa.aragon.es	Arén	Lengua Catalana	22010992	22010992	primaria	sexto	Lengua Catalana	1
22010992	Colegio de Educación Infantil y Primaria	ARÉN	974 54 20 70	ceiparen@educa.aragon.es	Arén	Lengua Catalana	22010992	22010992				0
22005789	Colegio Rural Agrupado	RÍO ARAGÓN	974 37 70 49	direccion@crarioaragon.es	Santa Cilia	Aragonés	22005789	22005789	infantil	primero	Lengua Aragonesa	5
22005789	Colegio Rural Agrupado	RÍO ARAGÓN	974 37 70 49	direccion@crarioaragon.es	Santa Cilia	Aragonés	22005789	22005789	infantil	segundo	Lengua Aragonesa	7
22005789	Colegio Rural Agrupado	RÍO ARAGÓN	974 37 70 49	direccion@crarioaragon.es	Santa Cilia	Aragonés	22005789	22005789	infantil	tercero	Lengua Aragonesa	12
22005789	Colegio Rural Agrupado	RÍO ARAGÓN	974 37 70 49	direccion@crarioaragon.es	Santa Cilia	Aragonés	22005789	22005789	primaria	primero	Lengua Aragonesa	8
22005789	Colegio Rural Agrupado	RÍO ARAGÓN	974 37 70 49	direccion@crarioaragon.es	Santa Cilia	Aragonés	22005789	22005789	primaria	segundo	Lengua Aragonesa	0
22005789	Colegio Rural Agrupado	RÍO ARAGÓN	974 37 70 49	direccion@crarioaragon.es	Santa Cilia	Aragonés	22005789	22005789	primaria	tercero	Lengua Aragonesa	1
22005789	Colegio Rural Agrupado	RÍO ARAGÓN	974 37 70 49	direccion@crarioaragon.es	Santa Cilia	Aragonés	22005789	22005789	primaria	cuarto	Lengua Aragonesa	2
22005789	Colegio Rural Agrupado	RÍO ARAGÓN	974 37 70 49	direccion@crarioaragon.es	Santa Cilia	Aragonés	22005789	22005789	primaria	quinto	Lengua Aragonesa	3
22005789	Colegio Rural Agrupado	RÍO ARAGÓN	974 37 70 49	direccion@crarioaragon.es	Santa Cilia	Aragonés	22005789	22005789	primaria	sexto	Lengua Aragonesa	1
22005789	Colegio Rural Agrupado	RÍO ARAGÓN	974 37 70 49	direccion@crarioaragon.es	Santa Cilia	Aragonés	22005789	22005789	eso	primero	Lengua Aragonesa	2
22005789	Colegio Rural Agrupado	RÍO ARAGÓN	974 37 70 49	direccion@crarioaragon.es	Santa Cilia	Aragonés	22005789	22005789	eso	segundo	Lengua Aragonesa	0
22005789	Colegio Rural Agrupado	RÍO ARAGÓN	974 37 70 49	direccion@crarioaragon.es	Santa Cilia	Aragonés	22005789	22005789				0
22000585	Centro Público Integrado	Ramón y Cajal		cpayerbe@educa.aragon.es	Ayerbe	Aragonés	22000585	22000585	infantil	primero	Lengua Aragonesa	6
22000585	Centro Público Integrado	Ramón y Cajal		cpayerbe@educa.aragon.es	Ayerbe	Aragonés	22000585	22000585	infantil	segundo	Lengua Aragonesa	7
22000585	Centro Público Integrado	Ramón y Cajal		cpayerbe@educa.aragon.es	Ayerbe	Aragonés	22000585	22000585	infantil	tercero	Lengua Aragonesa	8
22000585	Centro Público Integrado	Ramón y Cajal		cpayerbe@educa.aragon.es	Ayerbe	Aragonés	22000585	22000585	primaria	primero	Lengua Aragonesa	9
22000585	Centro Público Integrado	Ramón y Cajal		cpayerbe@educa.aragon.es	Ayerbe	Aragonés	22000585	22000585	primaria	segundo	Lengua Aragonesa	3
22000585	Centro Público Integrado	Ramón y Cajal		cpayerbe@educa.aragon.es	Ayerbe	Aragonés	22000585	22000585	primaria	tercero	Lengua Aragonesa	2
22000585	Centro Público Integrado	Ramón y Cajal		cpayerbe@educa.aragon.es	Ayerbe	Aragonés	22000585	22000585	primaria	cuarto	Lengua Aragonesa	0
22000585	Centro Público Integrado	Ramón y Cajal		cpayerbe@educa.aragon.es	Ayerbe	Aragonés	22000585	22000585	primaria	quinto	Lengua Aragonesa	3
22000585	Centro Público Integrado	Ramón y Cajal		cpayerbe@educa.aragon.es	Ayerbe	Aragonés	22000585	22000585	primaria	sexto	Lengua Aragonesa	2
22000585	Centro Público Integrado	Ramón y Cajal		cpayerbe@educa.aragon.es	Ayerbe	Aragonés	22000585	22000585				0
22005674	Colegio Rural Agrupado	LA LLITERA	974 42 14 07	craalbelda@educa.aragon.es	Albelda	Lengua Catalana	22005674	22005674	infantil	primero	Lengua Catalana	13
22005674	Colegio Rural Agrupado	LA LLITERA	974 42 14 07	craalbelda@educa.aragon.es	Albelda	Lengua Catalana	22005674	22005674	infantil	segundo	Lengua Catalana	14
22005674	Colegio Rural Agrupado	LA LLITERA	974 42 14 07	craalbelda@educa.aragon.es	Albelda	Lengua Catalana	22005674	22005674	infantil	tercero	Lengua Catalana	12
22005674	Colegio Rural Agrupado	LA LLITERA	974 42 14 07	craalbelda@educa.aragon.es	Albelda	Lengua Catalana	22005674	22005674	primaria	primero	Lengua Catalana	8
22005674	Colegio Rural Agrupado	LA LLITERA	974 42 14 07	craalbelda@educa.aragon.es	Albelda	Lengua Catalana	22005674	22005674	primaria	segundo	Lengua Catalana	8
22005674	Colegio Rural Agrupado	LA LLITERA	974 42 14 07	craalbelda@educa.aragon.es	Albelda	Lengua Catalana	22005674	22005674	primaria	tercero	Lengua Catalana	9
22005674	Colegio Rural Agrupado	LA LLITERA	974 42 14 07	craalbelda@educa.aragon.es	Albelda	Lengua Catalana	22005674	22005674	primaria	cuarto	Lengua Catalana	11
22005674	Colegio Rural Agrupado	LA LLITERA	974 42 14 07	craalbelda@educa.aragon.es	Albelda	Lengua Catalana	22005674	22005674	primaria	quinto	Lengua Catalana	7
22005674	Colegio Rural Agrupado	LA LLITERA	974 42 14 07	craalbelda@educa.aragon.es	Albelda	Lengua Catalana	22005674	22005674	primaria	sexto	Lengua Catalana	17
22005674	Colegio Rural Agrupado	LA LLITERA	974 42 14 07	craalbelda@educa.aragon.es	Albelda	Lengua Catalana	22005674	22005674				0
44004732	Colegio Rural Agrupado	OLEA	978 88 74 15	cracastellote@educa.aragon.es	Castellote (No es de habla catalana)	Lengua Catalana	44004732	44004732	infantil	primero	Lengua Catalana	3
44004732	Colegio Rural Agrupado	OLEA	978 88 74 15	cracastellote@educa.aragon.es	Castellote (No es de habla catalana)	Lengua Catalana	44004732	44004732	infantil	segundo	Lengua Catalana	5
44004732	Colegio Rural Agrupado	OLEA	978 88 74 15	cracastellote@educa.aragon.es	Castellote (No es de habla catalana)	Lengua Catalana	44004732	44004732	infantil	tercero	Lengua Catalana	6
44004732	Colegio Rural Agrupado	OLEA	978 88 74 15	cracastellote@educa.aragon.es	Castellote (No es de habla catalana)	Lengua Catalana	44004732	44004732	primaria	primero	Lengua Catalana	7
44004732	Colegio Rural Agrupado	OLEA	978 88 74 15	cracastellote@educa.aragon.es	Castellote (No es de habla catalana)	Lengua Catalana	44004732	44004732	primaria	segundo	Lengua Catalana	5
44004732	Colegio Rural Agrupado	OLEA	978 88 74 15	cracastellote@educa.aragon.es	Castellote (No es de habla catalana)	Lengua Catalana	44004732	44004732	primaria	tercero	Lengua Catalana	6
44004732	Colegio Rural Agrupado	OLEA	978 88 74 15	cracastellote@educa.aragon.es	Castellote (No es de habla catalana)	Lengua Catalana	44004732	44004732	primaria	cuarto	Lengua Catalana	11
44004732	Colegio Rural Agrupado	OLEA	978 88 74 15	cracastellote@educa.aragon.es	Castellote (No es de habla catalana)	Lengua Catalana	44004732	44004732	primaria	quinto	Lengua Catalana	4
44004732	Colegio Rural Agrupado	OLEA	978 88 74 15	cracastellote@educa.aragon.es	Castellote (No es de habla catalana)	Lengua Catalana	44004732	44004732	primaria	sexto	Lengua Catalana	6
44004732	Colegio Rural Agrupado	OLEA	978 88 74 15	cracastellote@educa.aragon.es	Castellote (No es de habla catalana)	Lengua Catalana	44004732	44004732				0
22005881	Colegio Rural Agrupado	Alta Ribagorza		crabenasque@educa.aragon.es	Benasque	Aragonés	22005881	22005881	infantil	primero	Lengua Aragonesa	28
22005881	Colegio Rural Agrupado	Alta Ribagorza		crabenasque@educa.aragon.es	Benasque	Aragonés	22005881	22005881	infantil	segundo	Lengua Aragonesa	36
22005881	Colegio Rural Agrupado	Alta Ribagorza		crabenasque@educa.aragon.es	Benasque	Aragonés	22005881	22005881	infantil	tercero	Lengua Aragonesa	35
22005881	Colegio Rural Agrupado	Alta Ribagorza		crabenasque@educa.aragon.es	Benasque	Aragonés	22005881	22005881	primaria	primero	Lengua Aragonesa	22
22005881	Colegio Rural Agrupado	Alta Ribagorza		crabenasque@educa.aragon.es	Benasque	Aragonés	22005881	22005881	primaria	segundo	Lengua Aragonesa	40
22005881	Colegio Rural Agrupado	Alta Ribagorza		crabenasque@educa.aragon.es	Benasque	Aragonés	22005881	22005881	primaria	tercero	Lengua Aragonesa	36
22005881	Colegio Rural Agrupado	Alta Ribagorza		crabenasque@educa.aragon.es	Benasque	Aragonés	22005881	22005881	primaria	cuarto	Lengua Aragonesa	38
22005881	Colegio Rural Agrupado	Alta Ribagorza		crabenasque@educa.aragon.es	Benasque	Aragonés	22005881	22005881	primaria	quinto	Lengua Aragonesa	32
22005881	Colegio Rural Agrupado	Alta Ribagorza		crabenasque@educa.aragon.es	Benasque	Aragonés	22005881	22005881	primaria	sexto	Lengua Aragonesa	37
22005881	Colegio Rural Agrupado	Alta Ribagorza		crabenasque@educa.aragon.es	Benasque	Aragonés	22005881	22005881				0
22002156	Colegio de Educación Infantil y Primaria	Joaquín Costa		cpjcgraus@educa.aragon.es	Graus	Aragonés	22002156	22002156	infantil	primero	Bilingüe Aragonés	35
22005731	Colegio Rural Agrupado	ALTO GÁLLEGO	974 48 53 08	crabiescas@educa.aragon.es	Biescas	Aragonés	22005731	22005731	infantil	primero	Lengua Aragonesa	26
22005731	Colegio Rural Agrupado	ALTO GÁLLEGO	974 48 53 08	crabiescas@educa.aragon.es	Biescas	Aragonés	22005731	22005731	infantil	segundo	Lengua Aragonesa	33
22005731	Colegio Rural Agrupado	ALTO GÁLLEGO	974 48 53 08	crabiescas@educa.aragon.es	Biescas	Aragonés	22005731	22005731	primaria	primero	Lengua Aragonesa	7
22005731	Colegio Rural Agrupado	ALTO GÁLLEGO	974 48 53 08	crabiescas@educa.aragon.es	Biescas	Aragonés	22005731	22005731	primaria	segundo	Lengua Aragonesa	5
22005731	Colegio Rural Agrupado	ALTO GÁLLEGO	974 48 53 08	crabiescas@educa.aragon.es	Biescas	Aragonés	22005731	22005731	primaria	cuarto	Lengua Aragonesa	4
22005731	Colegio Rural Agrupado	ALTO GÁLLEGO	974 48 53 08	crabiescas@educa.aragon.es	Biescas	Aragonés	22005731	22005731	primaria	quinto	Lengua Aragonesa	2
22005731	Colegio Rural Agrupado	ALTO GÁLLEGO	974 48 53 08	crabiescas@educa.aragon.es	Biescas	Aragonés	22005731	22005731	primaria	sexto	Lengua Aragonesa	2
22005731	Colegio Rural Agrupado	ALTO GÁLLEGO	974 48 53 08	crabiescas@educa.aragon.es	Biescas	Aragonés	22005731	22005731				0
22003926	Colegio de Educación Infantil y Primaria	MIGUEL SERVET	974 48 43 00	cpsenegue@educa.aragon.es	Sabiñánigo	Aragonés	22003926	22003926	primaria	sexto	Lengua Aragonesa	3
22004891	Instituto de Enseñanza Secundaria	Biello Aragón		iesbasabinanigo@educa.aragon.es	Sabiñánigo	Aragonés	22004891	22004891	eso	segundo	Lengua Aragonesa	5
22004891	Instituto de Enseñanza Secundaria	Biello Aragón		iesbasabinanigo@educa.aragon.es	Sabiñánigo	Aragonés	22004891	22004891	eso	tercero	Lengua Aragonesa	1
22004891	Instituto de Enseñanza Secundaria	Biello Aragón		iesbasabinanigo@educa.aragon.es	Sabiñánigo	Aragonés	22004891	22004891	eso	cuarto	Lengua Aragonesa	2
22004891	Instituto de Enseñanza Secundaria	Biello Aragón		iesbasabinanigo@educa.aragon.es	Sabiñánigo	Aragonés	22004891	22004891	bachillerato	segundo	Lengua Aragonesa	1
22004891	Instituto de Enseñanza Secundaria	Biello Aragón		iesbasabinanigo@educa.aragon.es	Sabiñánigo	Aragonés	22004891	22004891				0
22002673	Colegio de Educación Infantil y Primaria	San Juan de la Peña		cpsjphuesca@educa.aragon.es	Jaca	Aragonés	22002673	22002673	infantil	primero	Lengua Aragonesa	0
22002673	Colegio de Educación Infantil y Primaria	San Juan de la Peña		cpsjphuesca@educa.aragon.es	Jaca	Aragonés	22002673	22002673	infantil	segundo	Lengua Aragonesa	0
22002673	Colegio de Educación Infantil y Primaria	San Juan de la Peña		cpsjphuesca@educa.aragon.es	Jaca	Aragonés	22002673	22002673	infantil	tercero	Lengua Aragonesa	1
22002673	Colegio de Educación Infantil y Primaria	San Juan de la Peña		cpsjphuesca@educa.aragon.es	Jaca	Aragonés	22002673	22002673	primaria	primero	Lengua Aragonesa	2
22002673	Colegio de Educación Infantil y Primaria	San Juan de la Peña		cpsjphuesca@educa.aragon.es	Jaca	Aragonés	22002673	22002673	primaria	segundo	Lengua Aragonesa	3
22002673	Colegio de Educación Infantil y Primaria	San Juan de la Peña		cpsjphuesca@educa.aragon.es	Jaca	Aragonés	22002673	22002673	primaria	tercero	Lengua Aragonesa	4
22002673	Colegio de Educación Infantil y Primaria	San Juan de la Peña		cpsjphuesca@educa.aragon.es	Jaca	Aragonés	22002673	22002673	primaria	cuarto	Lengua Aragonesa	0
22002673	Colegio de Educación Infantil y Primaria	San Juan de la Peña		cpsjphuesca@educa.aragon.es	Jaca	Aragonés	22002673	22002673	primaria	quinto	Lengua Aragonesa	1
22002673	Colegio de Educación Infantil y Primaria	San Juan de la Peña		cpsjphuesca@educa.aragon.es	Jaca	Aragonés	22002673	22002673	primaria	sexto	Lengua Aragonesa	4
22002673	Colegio de Educación Infantil y Primaria	San Juan de la Peña		cpsjphuesca@educa.aragon.es	Jaca	Aragonés	22002673	22002673				0
22005819	Colegio Rural Agrupado	DE ALTORRICÓN	974 42 52 02	craaltorricon@educa.aragon.es	Altorricón	Lengua Catalana	22005819	22005819	infantil	primero	Lengua Catalana	15
22005819	Colegio Rural Agrupado	DE ALTORRICÓN	974 42 52 02	craaltorricon@educa.aragon.es	Altorricón	Lengua Catalana	22005819	22005819	infantil	segundo	Lengua Catalana	9
22005819	Colegio Rural Agrupado	DE ALTORRICÓN	974 42 52 02	craaltorricon@educa.aragon.es	Altorricón	Lengua Catalana	22005819	22005819	infantil	tercero	Lengua Catalana	12
22005819	Colegio Rural Agrupado	DE ALTORRICÓN	974 42 52 02	craaltorricon@educa.aragon.es	Altorricón	Lengua Catalana	22005819	22005819	primaria	primero	Lengua Catalana	17
22005819	Colegio Rural Agrupado	DE ALTORRICÓN	974 42 52 02	craaltorricon@educa.aragon.es	Altorricón	Lengua Catalana	22005819	22005819	primaria	segundo	Lengua Catalana	16
22005819	Colegio Rural Agrupado	DE ALTORRICÓN	974 42 52 02	craaltorricon@educa.aragon.es	Altorricón	Lengua Catalana	22005819	22005819	primaria	tercero	Lengua Catalana	15
22005819	Colegio Rural Agrupado	DE ALTORRICÓN	974 42 52 02	craaltorricon@educa.aragon.es	Altorricón	Lengua Catalana	22005819	22005819	primaria	cuarto	Lengua Catalana	10
22005819	Colegio Rural Agrupado	DE ALTORRICÓN	974 42 52 02	craaltorricon@educa.aragon.es	Altorricón	Lengua Catalana	22005819	22005819	primaria	quinto	Lengua Catalana	23
22005819	Colegio Rural Agrupado	DE ALTORRICÓN	974 42 52 02	craaltorricon@educa.aragon.es	Altorricón	Lengua Catalana	22005819	22005819	primaria	sexto	Lengua Catalana	13
22005819	Colegio Rural Agrupado	DE ALTORRICÓN	974 42 52 02	craaltorricon@educa.aragon.es	Altorricón	Lengua Catalana	22005819	22005819				0
22001899	Colegio Concertado	SANTA ANA		csantanafraga@gmail.com	Fraga	Lengua Catalana	22001899	22001899	infantil	primero	Bilingüe Catalán	0
22001899	Colegio Concertado	SANTA ANA		csantanafraga@gmail.com	Fraga	Lengua Catalana	22001899	22001899	infantil	segundo	Bilingüe Catalán	46
22001899	Colegio Concertado	SANTA ANA		csantanafraga@gmail.com	Fraga	Lengua Catalana	22001899	22001899	infantil	tercero	Bilingüe Catalán	51
22001899	Colegio Concertado	SANTA ANA		csantanafraga@gmail.com	Fraga	Lengua Catalana	22001899	22001899	primaria	primero	Lengua Catalana	17
22001899	Colegio Concertado	SANTA ANA		csantanafraga@gmail.com	Fraga	Lengua Catalana	22001899	22001899	primaria	segundo	Lengua Catalana	44
22001899	Colegio Concertado	SANTA ANA		csantanafraga@gmail.com	Fraga	Lengua Catalana	22001899	22001899	primaria	tercero	Lengua Catalana	43
22001899	Colegio Concertado	SANTA ANA		csantanafraga@gmail.com	Fraga	Lengua Catalana	22001899	22001899	primaria	cuarto	Lengua Catalana	48
22001899	Colegio Concertado	SANTA ANA		csantanafraga@gmail.com	Fraga	Lengua Catalana	22001899	22001899	primaria	quinto	Lengua Catalana	34
22001899	Colegio Concertado	SANTA ANA		csantanafraga@gmail.com	Fraga	Lengua Catalana	22001899	22001899	primaria	sexto	Lengua Catalana	37
22001899	Colegio Concertado	SANTA ANA		csantanafraga@gmail.com	Fraga	Lengua Catalana	22001899	22001899	eso	primero	Lengua Catalana	47
22001899	Colegio Concertado	SANTA ANA		csantanafraga@gmail.com	Fraga	Lengua Catalana	22001899	22001899	eso	segundo	Lengua Catalana	45
22001899	Colegio Concertado	SANTA ANA		csantanafraga@gmail.com	Fraga	Lengua Catalana	22001899	22001899	eso	tercero	Lengua Catalana	41
22001899	Colegio Concertado	SANTA ANA		csantanafraga@gmail.com	Fraga	Lengua Catalana	22001899	22001899	eso	cuarto	Lengua Catalana	29
22001899	Colegio Concertado	SANTA ANA		csantanafraga@gmail.com	Fraga	Lengua Catalana	22001899	22001899				0
22005698	Colegio Rural Agrupado	A Redolada		craperalta@educa.aragon.es	Peralta de Alcofea	Aragonés	22005698	22005698	infantil	primero	Lengua Aragonesa	0
22005698	Colegio Rural Agrupado	A Redolada		craperalta@educa.aragon.es	Peralta de Alcofea	Aragonés	22005698	22005698	infantil	segundo	Lengua Aragonesa	0
22005698	Colegio Rural Agrupado	A Redolada		craperalta@educa.aragon.es	Peralta de Alcofea	Aragonés	22005698	22005698	infantil	tercero	Lengua Aragonesa	0
22005698	Colegio Rural Agrupado	A Redolada		craperalta@educa.aragon.es	Peralta de Alcofea	Aragonés	22005698	22005698	primaria	primero	Lengua Aragonesa	3
22005698	Colegio Rural Agrupado	A Redolada		craperalta@educa.aragon.es	Peralta de Alcofea	Aragonés	22005698	22005698	primaria	segundo	Lengua Aragonesa	0
22005698	Colegio Rural Agrupado	A Redolada		craperalta@educa.aragon.es	Peralta de Alcofea	Aragonés	22005698	22005698	primaria	tercero	Lengua Aragonesa	3
22005698	Colegio Rural Agrupado	A Redolada		craperalta@educa.aragon.es	Peralta de Alcofea	Aragonés	22005698	22005698	primaria	cuarto	Lengua Aragonesa	1
22005698	Colegio Rural Agrupado	A Redolada		craperalta@educa.aragon.es	Peralta de Alcofea	Aragonés	22005698	22005698	primaria	quinto	Lengua Aragonesa	1
22005698	Colegio Rural Agrupado	A Redolada		craperalta@educa.aragon.es	Peralta de Alcofea	Aragonés	22005698	22005698	primaria	sexto	Lengua Aragonesa	4
22005698	Colegio Rural Agrupado	A Redolada		craperalta@educa.aragon.es	Peralta de Alcofea	Aragonés	22005698	22005698				0
22005716	Colegio Rural Agrupado	Estadilla-Fonz		crafonz@educa.aragon.es	Fonz	Aragonés	22005716	22005716	primaria	primero	Lengua Aragonesa	12
22005716	Colegio Rural Agrupado	Estadilla-Fonz		crafonz@educa.aragon.es	Fonz	Aragonés	22005716	22005716	infantil	primero	Lengua Aragonesa	14
22005716	Colegio Rural Agrupado	Estadilla-Fonz		crafonz@educa.aragon.es	Fonz	Aragonés	22005716	22005716	infantil	segundo	Lengua Aragonesa	14
22005716	Colegio Rural Agrupado	Estadilla-Fonz		crafonz@educa.aragon.es	Fonz	Aragonés	22005716	22005716	infantil	tercero	Lengua Aragonesa	15
22005716	Colegio Rural Agrupado	Estadilla-Fonz		crafonz@educa.aragon.es	Fonz	Aragonés	22005716	22005716	infantil	cuarto	Lengua Aragonesa	14
22005716	Colegio Rural Agrupado	Estadilla-Fonz		crafonz@educa.aragon.es	Fonz	Aragonés	22005716	22005716	infantil	quinto	Lengua Aragonesa	16
22005716	Colegio Rural Agrupado	Estadilla-Fonz		crafonz@educa.aragon.es	Fonz	Aragonés	22005716	22005716	infantil	sexto	Lengua Aragonesa	19
22005716	Colegio Rural Agrupado	Estadilla-Fonz		crafonz@educa.aragon.es	Fonz	Aragonés	22005716	22005716				0
22010980	Centro Público Integrado	DE BENABARRE	974 54 32 55	cpibenabarre@educa.aragon.es	Benabarre	Lengua Catalana	22010980	22010980	infantil	primero	Lengua Catalana	6
22010980	Centro Público Integrado	DE BENABARRE	974 54 32 55	cpibenabarre@educa.aragon.es	Benabarre	Lengua Catalana	22010980	22010980	infantil	segundo	Lengua Catalana	7
22010980	Centro Público Integrado	DE BENABARRE	974 54 32 55	cpibenabarre@educa.aragon.es	Benabarre	Lengua Catalana	22010980	22010980	infantil	tercero	Lengua Catalana	10
22010980	Centro Público Integrado	DE BENABARRE	974 54 32 55	cpibenabarre@educa.aragon.es	Benabarre	Lengua Catalana	22010980	22010980	primaria	primero	Lengua Catalana	11
22010980	Centro Público Integrado	DE BENABARRE	974 54 32 55	cpibenabarre@educa.aragon.es	Benabarre	Lengua Catalana	22010980	22010980	primaria	segundo	Lengua Catalana	8
22010980	Centro Público Integrado	DE BENABARRE	974 54 32 55	cpibenabarre@educa.aragon.es	Benabarre	Lengua Catalana	22010980	22010980	primaria	tercero	Lengua Catalana	12
22010980	Centro Público Integrado	DE BENABARRE	974 54 32 55	cpibenabarre@educa.aragon.es	Benabarre	Lengua Catalana	22010980	22010980	primaria	cuarto	Lengua Catalana	16
22010980	Centro Público Integrado	DE BENABARRE	974 54 32 55	cpibenabarre@educa.aragon.es	Benabarre	Lengua Catalana	22010980	22010980	primaria	quinto	Lengua Catalana	11
22010980	Centro Público Integrado	DE BENABARRE	974 54 32 55	cpibenabarre@educa.aragon.es	Benabarre	Lengua Catalana	22010980	22010980	primaria	sexto	Lengua Catalana	11
22010980	Centro Público Integrado	DE BENABARRE	974 54 32 55	cpibenabarre@educa.aragon.es	Benabarre	Lengua Catalana	22010980	22010980	eso	primero	Lengua Catalana	12
22010980	Centro Público Integrado	DE BENABARRE	974 54 32 55	cpibenabarre@educa.aragon.es	Benabarre	Lengua Catalana	22010980	22010980	eso	segundo	Lengua Catalana	13
22010980	Centro Público Integrado	DE BENABARRE	974 54 32 55	cpibenabarre@educa.aragon.es	Benabarre	Lengua Catalana	22010980	22010980				0
44005131	Colegio Rural Agrupado	ALGARS	978 89 04 73	cracretas@educa.aragon.es	Cretas	Lengua Catalana	44005131	44005131	infantil	primero	Lengua Catalana	6
44005131	Colegio Rural Agrupado	ALGARS	978 89 04 73	cracretas@educa.aragon.es	Cretas	Lengua Catalana	44005131	44005131	infantil	segundo	Lengua Catalana	4
44005131	Colegio Rural Agrupado	ALGARS	978 89 04 73	cracretas@educa.aragon.es	Cretas	Lengua Catalana	44005131	44005131	infantil	tercero	Lengua Catalana	9
44005131	Colegio Rural Agrupado	ALGARS	978 89 04 73	cracretas@educa.aragon.es	Cretas	Lengua Catalana	44005131	44005131	primaria	primero	Lengua Catalana	4
44005131	Colegio Rural Agrupado	ALGARS	978 89 04 73	cracretas@educa.aragon.es	Cretas	Lengua Catalana	44005131	44005131	infantil	cuarto	Lengua Catalana	10
44005131	Colegio Rural Agrupado	ALGARS	978 89 04 73	cracretas@educa.aragon.es	Cretas	Lengua Catalana	44005131	44005131	infantil	quinto	Lengua Catalana	10
44005131	Colegio Rural Agrupado	ALGARS	978 89 04 73	cracretas@educa.aragon.es	Cretas	Lengua Catalana	44005131	44005131	infantil	sexto	Lengua Catalana	4
44005131	Colegio Rural Agrupado	ALGARS	978 89 04 73	cracretas@educa.aragon.es	Cretas	Lengua Catalana	44005131	44005131				0
22000071	Colegio de Educación Infantil y Primaria	Asunción Pañart		cpainsa@educa.aragon.es	Ainsa	Aragonés	22000071	22000071	primaria	primero	Lengua Aragonesa	1
22000071	Colegio de Educación Infantil y Primaria	Asunción Pañart		cpainsa@educa.aragon.es	Ainsa	Aragonés	22000071	22000071	primaria	segundo	Lengua Aragonesa	0
22000071	Colegio de Educación Infantil y Primaria	Asunción Pañart		cpainsa@educa.aragon.es	Ainsa	Aragonés	22000071	22000071	primaria	tercero	Lengua Aragonesa	3
22000071	Colegio de Educación Infantil y Primaria	Asunción Pañart		cpainsa@educa.aragon.es	Ainsa	Aragonés	22000071	22000071	primaria	cuarto	Lengua Aragonesa	1
22000071	Colegio de Educación Infantil y Primaria	Asunción Pañart		cpainsa@educa.aragon.es	Ainsa	Aragonés	22000071	22000071	primaria	quinto	Lengua Aragonesa	1
22000071	Colegio de Educación Infantil y Primaria	Asunción Pañart		cpainsa@educa.aragon.es	Ainsa	Aragonés	22000071	22000071	primaria	sexto	Lengua Aragonesa	1
22000071	Colegio de Educación Infantil y Primaria	Asunción Pañart		cpainsa@educa.aragon.es	Ainsa	Aragonés	22000071	22000071				0
22003100	Colegio de Educación Infantil y Primaria	San Ginés		cplupinen@educa.aragon.es	Lupiñén	Aragonés	22003100	22003100	infantil	primero	Lengua Aragonesa	0
22003100	Colegio de Educación Infantil y Primaria	San Ginés		cplupinen@educa.aragon.es	Lupiñén	Aragonés	22003100	22003100	infantil	segundo	Lengua Aragonesa	1
22003100	Colegio de Educación Infantil y Primaria	San Ginés		cplupinen@educa.aragon.es	Lupiñén	Aragonés	22003100	22003100	infantil	tercero	Lengua Aragonesa	1
22003100	Colegio de Educación Infantil y Primaria	San Ginés		cplupinen@educa.aragon.es	Lupiñén	Aragonés	22003100	22003100	primaria	primero	Lengua Aragonesa	0
22003100	Colegio de Educación Infantil y Primaria	San Ginés		cplupinen@educa.aragon.es	Lupiñén	Aragonés	22003100	22003100	primaria	segundo	Lengua Aragonesa	1
22003100	Colegio de Educación Infantil y Primaria	San Ginés		cplupinen@educa.aragon.es	Lupiñén	Aragonés	22003100	22003100	primaria	tercero	Lengua Aragonesa	0
22003100	Colegio de Educación Infantil y Primaria	San Ginés		cplupinen@educa.aragon.es	Lupiñén	Aragonés	22003100	22003100	primaria	cuarto	Lengua Aragonesa	3
22003100	Colegio de Educación Infantil y Primaria	San Ginés		cplupinen@educa.aragon.es	Lupiñén	Aragonés	22003100	22003100	primaria	quinto	Lengua Aragonesa	0
22003100	Colegio de Educación Infantil y Primaria	San Ginés		cplupinen@educa.aragon.es	Lupiñén	Aragonés	22003100	22003100	primaria	sexto	Lengua Aragonesa	0
22003100	Colegio de Educación Infantil y Primaria	San Ginés		cplupinen@educa.aragon.es	Lupiñén	Aragonés	22003100	22003100				0
22001917	Instituto de Enseñanza Secundaria	RAMÓN J. SENDER		iesrsfraga@educa.aragon.es	Fraga	Lengua Catalana	22001917	22001917	eso	primero	Bilingüe Catalán	34
22001917	Instituto de Enseñanza Secundaria	RAMÓN J. SENDER		iesrsfraga@educa.aragon.es	Fraga	Lengua Catalana	22001917	22001917	eso	primero	Lengua Catalana	4
22001917	Instituto de Enseñanza Secundaria	RAMÓN J. SENDER		iesrsfraga@educa.aragon.es	Fraga	Lengua Catalana	22001917	22001917	eso	segundo	Bilingüe Catalán	50
22001917	Instituto de Enseñanza Secundaria	RAMÓN J. SENDER		iesrsfraga@educa.aragon.es	Fraga	Lengua Catalana	22001917	22001917	eso	segundo	Lengua Catalana	3
22001917	Instituto de Enseñanza Secundaria	RAMÓN J. SENDER		iesrsfraga@educa.aragon.es	Fraga	Lengua Catalana	22001917	22001917	eso	tercero	Bilingüe Catalán	31
22001917	Instituto de Enseñanza Secundaria	RAMÓN J. SENDER		iesrsfraga@educa.aragon.es	Fraga	Lengua Catalana	22001917	22001917	eso	tercero	Lengua Catalana	3
22001917	Instituto de Enseñanza Secundaria	RAMÓN J. SENDER		iesrsfraga@educa.aragon.es	Fraga	Lengua Catalana	22001917	22001917	eso	cuarto	Bilingüe Catalán	41
22001917	Instituto de Enseñanza Secundaria	RAMÓN J. SENDER		iesrsfraga@educa.aragon.es	Fraga	Lengua Catalana	22001917	22001917	eso	cuarto	Lengua Catalana	5
22001917	Instituto de Enseñanza Secundaria	RAMÓN J. SENDER		iesrsfraga@educa.aragon.es	Fraga	Lengua Catalana	22001917	22001917	bachillerato	primero	Lengua Catalana	30
22001917	Instituto de Enseñanza Secundaria	RAMÓN J. SENDER		iesrsfraga@educa.aragon.es	Fraga	Lengua Catalana	22001917	22001917	bachillerato	segundo	Lengua Catalana	21
22001917	Instituto de Enseñanza Secundaria	RAMÓN J. SENDER		iesrsfraga@educa.aragon.es	Fraga	Lengua Catalana	22001917	22001917				0
50002810	Colegio de Educación Infantil y Primaria	VIRGEN DEL PORTAL	976 63 80 65	cpmaella@educa.aragon.es	Maella	Lengua Catalana	50002810	50002810	infantil	primero	Lengua Catalana	7
50002810	Colegio de Educación Infantil y Primaria	VIRGEN DEL PORTAL	976 63 80 65	cpmaella@educa.aragon.es	Maella	Lengua Catalana	50002810	50002810	infantil	segundo	Lengua Catalana	10
50002810	Colegio de Educación Infantil y Primaria	VIRGEN DEL PORTAL	976 63 80 65	cpmaella@educa.aragon.es	Maella	Lengua Catalana	50002810	50002810	infantil	tercero	Lengua Catalana	11
50002810	Colegio de Educación Infantil y Primaria	VIRGEN DEL PORTAL	976 63 80 65	cpmaella@educa.aragon.es	Maella	Lengua Catalana	50002810	50002810	primaria	primero	Lengua Catalana	8
50002810	Colegio de Educación Infantil y Primaria	VIRGEN DEL PORTAL	976 63 80 65	cpmaella@educa.aragon.es	Maella	Lengua Catalana	50002810	50002810	primaria	segundo	Lengua Catalana	9
50002810	Colegio de Educación Infantil y Primaria	VIRGEN DEL PORTAL	976 63 80 65	cpmaella@educa.aragon.es	Maella	Lengua Catalana	50002810	50002810	primaria	tercero	Lengua Catalana	7
50002810	Colegio de Educación Infantil y Primaria	VIRGEN DEL PORTAL	976 63 80 65	cpmaella@educa.aragon.es	Maella	Lengua Catalana	50002810	50002810	primaria	cuarto	Lengua Catalana	11
50002810	Colegio de Educación Infantil y Primaria	VIRGEN DEL PORTAL	976 63 80 65	cpmaella@educa.aragon.es	Maella	Lengua Catalana	50002810	50002810	primaria	quinto	Lengua Catalana	11
50002810	Colegio de Educación Infantil y Primaria	VIRGEN DEL PORTAL	976 63 80 65	cpmaella@educa.aragon.es	Maella	Lengua Catalana	50002810	50002810	primaria	sexto	Lengua Catalana	8
50002810	Colegio de Educación Infantil y Primaria	VIRGEN DEL PORTAL	976 63 80 65	cpmaella@educa.aragon.es	Maella	Lengua Catalana	50002810	50002810				0
22004839	Colegio de Educación Infantil y Primaria	MONTE OROEL	974 35 64 59	ceipmonteoroel@educa.aragon.es	Jaca	Aragonés	22004839	22004839	infantil	primero	Lengua Aragonesa	4
22004839	Colegio de Educación Infantil y Primaria	MONTE OROEL	974 35 64 59	ceipmonteoroel@educa.aragon.es	Jaca	Aragonés	22004839	22004839	infantil	segundo	Lengua Aragonesa	4
22004839	Colegio de Educación Infantil y Primaria	MONTE OROEL	974 35 64 59	ceipmonteoroel@educa.aragon.es	Jaca	Aragonés	22004839	22004839	infantil	tercero	Lengua Aragonesa	8
22004839	Colegio de Educación Infantil y Primaria	MONTE OROEL	974 35 64 59	ceipmonteoroel@educa.aragon.es	Jaca	Aragonés	22004839	22004839	primaria	segundo	Lengua Aragonesa	5
22004839	Colegio de Educación Infantil y Primaria	MONTE OROEL	974 35 64 59	ceipmonteoroel@educa.aragon.es	Jaca	Aragonés	22004839	22004839	primaria	tercero	Lengua Aragonesa	4
22004839	Colegio de Educación Infantil y Primaria	MONTE OROEL	974 35 64 59	ceipmonteoroel@educa.aragon.es	Jaca	Aragonés	22004839	22004839	primaria	cuarto	Lengua Aragonesa	10
22004839	Colegio de Educación Infantil y Primaria	MONTE OROEL	974 35 64 59	ceipmonteoroel@educa.aragon.es	Jaca	Aragonés	22004839	22004839	primaria	quinto	Lengua Aragonesa	11
22004839	Colegio de Educación Infantil y Primaria	MONTE OROEL	974 35 64 59	ceipmonteoroel@educa.aragon.es	Jaca	Aragonés	22004839	22004839	primaria	sexto	Lengua Aragonesa	7
22004839	Colegio de Educación Infantil y Primaria	MONTE OROEL	974 35 64 59	ceipmonteoroel@educa.aragon.es	Jaca	Aragonés	22004839	22004839				0
22010876	Colegio de Educación Infantil y Primaria	MARÍA MOLINER	974 47 10 54	cpfragaiii@educa.aragon.es	Fraga	Lengua Catalana	22010876	22010876	infantil	cuarto	Bilingüe Catalán	43
22010876	Colegio de Educación Infantil y Primaria	MARÍA MOLINER	974 47 10 54	cpfragaiii@educa.aragon.es	Fraga	Lengua Catalana	22010876	22010876	infantil	quinto	Bilingüe Catalán	42
22010876	Colegio de Educación Infantil y Primaria	MARÍA MOLINER	974 47 10 54	cpfragaiii@educa.aragon.es	Fraga	Lengua Catalana	22010876	22010876	infantil	sexto	Bilingüe Catalán	24
22010876	Colegio de Educación Infantil y Primaria	MARÍA MOLINER	974 47 10 54	cpfragaiii@educa.aragon.es	Fraga	Lengua Catalana	22010876	22010876	primaria	primero	Bilingüe Catalán	44
22010876	Colegio de Educación Infantil y Primaria	MARÍA MOLINER	974 47 10 54	cpfragaiii@educa.aragon.es	Fraga	Lengua Catalana	22010876	22010876	primaria	segundo	Bilingüe Catalán	46
22010876	Colegio de Educación Infantil y Primaria	MARÍA MOLINER	974 47 10 54	cpfragaiii@educa.aragon.es	Fraga	Lengua Catalana	22010876	22010876	primaria	tercero	Bilingüe Catalán	32
22010876	Colegio de Educación Infantil y Primaria	MARÍA MOLINER	974 47 10 54	cpfragaiii@educa.aragon.es	Fraga	Lengua Catalana	22010876	22010876	primaria	cuarto	Bilingüe Catalán	32
22010876	Colegio de Educación Infantil y Primaria	MARÍA MOLINER	974 47 10 54	cpfragaiii@educa.aragon.es	Fraga	Lengua Catalana	22010876	22010876	primaria	quinto	Bilingüe Catalán	22
22010876	Colegio de Educación Infantil y Primaria	MARÍA MOLINER	974 47 10 54	cpfragaiii@educa.aragon.es	Fraga	Lengua Catalana	22010876	22010876	primaria	sexto	Bilingüe Catalán	24
22010876	Colegio de Educación Infantil y Primaria	MARÍA MOLINER	974 47 10 54	cpfragaiii@educa.aragon.es	Fraga	Lengua Catalana	22010876	22010876				0
22002168	Instituto de Enseñanza Secundaria	BALTASAR GRACIÁN		iesgraus@educa.aragon.es	Graus (No de habla cat.)	Lengua Catalana	22002168	22002168	eso	segundo	Lengua Catalana	2
22002168	Instituto de Enseñanza Secundaria	BALTASAR GRACIÁN		iesgraus@educa.aragon.es	Graus (No de habla cat.)	Lengua Catalana	22002168	22002168	eso	tercero	Lengua Catalana	6
22002168	Instituto de Enseñanza Secundaria	BALTASAR GRACIÁN		iesgraus@educa.aragon.es	Graus (No de habla cat.)	Lengua Catalana	22002168	22002168	eso	cuarto	Lengua Catalana	4
22002168	Instituto de Enseñanza Secundaria	BALTASAR GRACIÁN		iesgraus@educa.aragon.es	Graus (No de habla cat.)	Lengua Catalana	22002168	22002168				0
22004566	Colegio de Educación Infantil y Primaria	Collarada		cpvillanua@educa.aragon.es	Villanúa	Aragonés	22004566	22004566	infantil	primero	Lengua Aragonesa	0
22004566	Colegio de Educación Infantil y Primaria	Collarada		cpvillanua@educa.aragon.es	Villanúa	Aragonés	22004566	22004566	infantil	segundo	Lengua Aragonesa	0
22004566	Colegio de Educación Infantil y Primaria	Collarada		cpvillanua@educa.aragon.es	Villanúa	Aragonés	22004566	22004566	infantil	tercero	Lengua Aragonesa	0
22004566	Colegio de Educación Infantil y Primaria	Collarada		cpvillanua@educa.aragon.es	Villanúa	Aragonés	22004566	22004566	primaria	primero	Lengua Aragonesa	0
22004566	Colegio de Educación Infantil y Primaria	Collarada		cpvillanua@educa.aragon.es	Villanúa	Aragonés	22004566	22004566	primaria	segundo	Lengua Aragonesa	0
22004566	Colegio de Educación Infantil y Primaria	Collarada		cpvillanua@educa.aragon.es	Villanúa	Aragonés	22004566	22004566	primaria	tercero	Lengua Aragonesa	0
22004566	Colegio de Educación Infantil y Primaria	Collarada		cpvillanua@educa.aragon.es	Villanúa	Aragonés	22004566	22004566	primaria	cuarto	Lengua Aragonesa	0
22004566	Colegio de Educación Infantil y Primaria	Collarada		cpvillanua@educa.aragon.es	Villanúa	Aragonés	22004566	22004566	primaria	quinto	Lengua Aragonesa	0
22004566	Colegio de Educación Infantil y Primaria	Collarada		cpvillanua@educa.aragon.es	Villanúa	Aragonés	22004566	22004566	primaria	sexto	Lengua Aragonesa	0
22004566	Colegio de Educación Infantil y Primaria	Collarada		cpvillanua@educa.aragon.es	Villanúa	Aragonés	22004566	22004566				0
22000299	Colegio de Educación Infantil y Primaria	Santos Samper		cpssalmudevar@educa.aragon.es	Almudevar	Aragonés	22000299	22000299	infantil	tercero	Lengua Aragonesa	3
22000299	Colegio de Educación Infantil y Primaria	Santos Samper		cpssalmudevar@educa.aragon.es	Almudevar	Aragonés	22000299	22000299	primaria	segundo	Lengua Aragonesa	2
22000299	Colegio de Educación Infantil y Primaria	Santos Samper		cpssalmudevar@educa.aragon.es	Almudevar	Aragonés	22000299	22000299	primaria	sexto	Lengua Aragonesa	3
22000299	Colegio de Educación Infantil y Primaria	Santos Samper		cpssalmudevar@educa.aragon.es	Almudevar	Aragonés	22000299	22000299				0
22005054	Colegio de Educación Infantil y Primaria	VIRGEN DE LOS RÍOS	974 35 97 96	cpcaldearenas@educa.aragon.es	Caldearenas	Aragonés	22005054	22005054	primaria	primero	Lengua Aragonesa	2
22005054	Colegio de Educación Infantil y Primaria	VIRGEN DE LOS RÍOS	974 35 97 96	cpcaldearenas@educa.aragon.es	Caldearenas	Aragonés	22005054	22005054	infantil	primero	Lengua Aragonesa	2
22005054	Colegio de Educación Infantil y Primaria	VIRGEN DE LOS RÍOS	974 35 97 96	cpcaldearenas@educa.aragon.es	Caldearenas	Aragonés	22005054	22005054	infantil	segundo	Lengua Aragonesa	1
22005054	Colegio de Educación Infantil y Primaria	VIRGEN DE LOS RÍOS	974 35 97 96	cpcaldearenas@educa.aragon.es	Caldearenas	Aragonés	22005054	22005054	infantil	tercero	Lengua Aragonesa	1
22005054	Colegio de Educación Infantil y Primaria	VIRGEN DE LOS RÍOS	974 35 97 96	cpcaldearenas@educa.aragon.es	Caldearenas	Aragonés	22005054	22005054	primaria	segundo	Lengua Aragonesa	1
22005054	Colegio de Educación Infantil y Primaria	VIRGEN DE LOS RÍOS	974 35 97 96	cpcaldearenas@educa.aragon.es	Caldearenas	Aragonés	22005054	22005054	primaria	tercero	Lengua Aragonesa	2
22005054	Colegio de Educación Infantil y Primaria	VIRGEN DE LOS RÍOS	974 35 97 96	cpcaldearenas@educa.aragon.es	Caldearenas	Aragonés	22005054	22005054	primaria	cuarto	Lengua Aragonesa	2
22005054	Colegio de Educación Infantil y Primaria	VIRGEN DE LOS RÍOS	974 35 97 96	cpcaldearenas@educa.aragon.es	Caldearenas	Aragonés	22005054	22005054	primaria	quinto	Lengua Aragonesa	2
22005054	Colegio de Educación Infantil y Primaria	VIRGEN DE LOS RÍOS	974 35 97 96	cpcaldearenas@educa.aragon.es	Caldearenas	Aragonés	22005054	22005054	primaria	sexto	Lengua Aragonesa	4
22005054	Colegio de Educación Infantil y Primaria	VIRGEN DE LOS RÍOS	974 35 97 96	cpcaldearenas@educa.aragon.es	Caldearenas	Aragonés	22005054	22005054				0
22005391	Instituto de Enseñanza Secundaria	LA LLITERA		iestamarite@educa.aragon.es	Tamarite de Litera	Lengua Catalana	22005391	22005391	eso	primero	Lengua Catalana	51
22005391	Instituto de Enseñanza Secundaria	LA LLITERA		iestamarite@educa.aragon.es	Tamarite de Litera	Lengua Catalana	22005391	22005391	eso	primero	Bilingüe Catalán	33
22005391	Instituto de Enseñanza Secundaria	LA LLITERA		iestamarite@educa.aragon.es	Tamarite de Litera	Lengua Catalana	22005391	22005391	eso	segundo	Lengua Catalana	42
22005391	Instituto de Enseñanza Secundaria	LA LLITERA		iestamarite@educa.aragon.es	Tamarite de Litera	Lengua Catalana	22005391	22005391	eso	segundo	Bilingüe Catalán	25
22005391	Instituto de Enseñanza Secundaria	LA LLITERA		iestamarite@educa.aragon.es	Tamarite de Litera	Lengua Catalana	22005391	22005391	eso	tercero	Lengua Catalana	41
22005391	Instituto de Enseñanza Secundaria	LA LLITERA		iestamarite@educa.aragon.es	Tamarite de Litera	Lengua Catalana	22005391	22005391	eso	tercero	Bilingüe Catalán	35
22005391	Instituto de Enseñanza Secundaria	LA LLITERA		iestamarite@educa.aragon.es	Tamarite de Litera	Lengua Catalana	22005391	22005391	eso	cuarto	Lengua Catalana	36
22005391	Instituto de Enseñanza Secundaria	LA LLITERA		iestamarite@educa.aragon.es	Tamarite de Litera	Lengua Catalana	22005391	22005391	eso	cuarto	Bilingüe Catalán	29
22005391	Instituto de Enseñanza Secundaria	LA LLITERA		iestamarite@educa.aragon.es	Tamarite de Litera	Lengua Catalana	22005391	22005391	bachillerato	primero	Lengua Catalana	27
22005391	Instituto de Enseñanza Secundaria	LA LLITERA		iestamarite@educa.aragon.es	Tamarite de Litera	Lengua Catalana	22005391	22005391	bachillerato	primero	Bilingüe Catalán	23
22005391	Instituto de Enseñanza Secundaria	LA LLITERA		iestamarite@educa.aragon.es	Tamarite de Litera	Lengua Catalana	22005391	22005391	bachillerato	segundo	Lengua Catalana	8
22005391	Instituto de Enseñanza Secundaria	LA LLITERA		iestamarite@educa.aragon.es	Tamarite de Litera	Lengua Catalana	22005391	22005391	bachillerato	segundo	Bilingüe Catalán	8
22005391	Instituto de Enseñanza Secundaria	LA LLITERA		iestamarite@educa.aragon.es	Tamarite de Litera	Lengua Catalana	22005391	22005391				0
44005062	Colegio Rural Agrupado	MATARRANYA	978 85 13 39	cracalaceit@educa.aragon.es	Calaceite	Lengua Catalana	44005062	44005062	infantil	primero	Bilingüe Catalán	0
44005062	Colegio Rural Agrupado	MATARRANYA	978 85 13 39	cracalaceit@educa.aragon.es	Calaceite	Lengua Catalana	44005062	44005062	infantil	primero	Lengua Catalana	13
44005062	Colegio Rural Agrupado	MATARRANYA	978 85 13 39	cracalaceit@educa.aragon.es	Calaceite	Lengua Catalana	44005062	44005062	infantil	segundo	Lengua Catalana	14
44005062	Colegio Rural Agrupado	MATARRANYA	978 85 13 39	cracalaceit@educa.aragon.es	Calaceite	Lengua Catalana	44005062	44005062	infantil	tercero	Lengua Catalana	14
44005062	Colegio Rural Agrupado	MATARRANYA	978 85 13 39	cracalaceit@educa.aragon.es	Calaceite	Lengua Catalana	44005062	44005062	primaria	primero	Lengua Catalana	17
44005062	Colegio Rural Agrupado	MATARRANYA	978 85 13 39	cracalaceit@educa.aragon.es	Calaceite	Lengua Catalana	44005062	44005062	primaria	segundo	Lengua Catalana	9
44005062	Colegio Rural Agrupado	MATARRANYA	978 85 13 39	cracalaceit@educa.aragon.es	Calaceite	Lengua Catalana	44005062	44005062	primaria	tercero	Lengua Catalana	16
44005062	Colegio Rural Agrupado	MATARRANYA	978 85 13 39	cracalaceit@educa.aragon.es	Calaceite	Lengua Catalana	44005062	44005062	primaria	cuarto	Lengua Catalana	12
44005062	Colegio Rural Agrupado	MATARRANYA	978 85 13 39	cracalaceit@educa.aragon.es	Calaceite	Lengua Catalana	44005062	44005062	primaria	quinto	Lengua Catalana	8
44005062	Colegio Rural Agrupado	MATARRANYA	978 85 13 39	cracalaceit@educa.aragon.es	Calaceite	Lengua Catalana	44005062	44005062	primaria	sexto	Lengua Catalana	17
44005062	Colegio Rural Agrupado	MATARRANYA	978 85 13 39	cracalaceit@educa.aragon.es	Calaceite	Lengua Catalana	44005062	44005062				0
22004888	Instituto de Enseñanza Secundaria	BAJO CINCA		iesbcfraga@educa.aragon.es	Fraga	Lengua Catalana	22004888	22004888	bachillerato	primero	Lengua Catalana	29
22004888	Instituto de Enseñanza Secundaria	BAJO CINCA		iesbcfraga@educa.aragon.es	Fraga	Lengua Catalana	22004888	22004888	bachillerato	segundo	Lengua Catalana	18
22004888	Instituto de Enseñanza Secundaria	BAJO CINCA		iesbcfraga@educa.aragon.es	Fraga	Lengua Catalana	22004888	22004888	eso	primero	Lengua Catalana	60
22004888	Instituto de Enseñanza Secundaria	BAJO CINCA		iesbcfraga@educa.aragon.es	Fraga	Lengua Catalana	22004888	22004888	eso	segundo	Lengua Catalana	44
22004888	Instituto de Enseñanza Secundaria	BAJO CINCA		iesbcfraga@educa.aragon.es	Fraga	Lengua Catalana	22004888	22004888	eso	tercero	Lengua Catalana	49
22004888	Instituto de Enseñanza Secundaria	BAJO CINCA		iesbcfraga@educa.aragon.es	Fraga	Lengua Catalana	22004888	22004888	eso	cuarto	Lengua Catalana	54
22004888	Instituto de Enseñanza Secundaria	BAJO CINCA		iesbcfraga@educa.aragon.es	Fraga	Lengua Catalana	22004888	22004888	eso	primero	Bilingüe Catalán	47
22004888	Instituto de Enseñanza Secundaria	BAJO CINCA		iesbcfraga@educa.aragon.es	Fraga	Lengua Catalana	22004888	22004888	eso	segundo	Bilingüe Catalán	37
22004888	Instituto de Enseñanza Secundaria	BAJO CINCA		iesbcfraga@educa.aragon.es	Fraga	Lengua Catalana	22004888	22004888	eso	tercero	Bilingüe Catalán	45
22004888	Instituto de Enseñanza Secundaria	BAJO CINCA		iesbcfraga@educa.aragon.es	Fraga	Lengua Catalana	22004888	22004888	eso	cuarto	Bilingüe Catalán	44
22004888	Instituto de Enseñanza Secundaria	BAJO CINCA		iesbcfraga@educa.aragon.es	Fraga	Lengua Catalana	22004888	22004888				0
22001905	Colegio de Educación Infantil y Primaria	LITERA	974 47 04 30	cplitera@educa.aragon.es	Fraga	Lengua Catalana	22001905	22001905	infantil	primero	Lengua Catalana	1
22001905	Colegio de Educación Infantil y Primaria	LITERA	974 47 04 30	cplitera@educa.aragon.es	Fraga	Lengua Catalana	22001905	22001905	infantil	segundo	Lengua Catalana	2
22001905	Colegio de Educación Infantil y Primaria	LITERA	974 47 04 30	cplitera@educa.aragon.es	Fraga	Lengua Catalana	22001905	22001905	infantil	tercero	Lengua Catalana	2
22001905	Colegio de Educación Infantil y Primaria	LITERA	974 47 04 30	cplitera@educa.aragon.es	Fraga	Lengua Catalana	22001905	22001905	primaria	primero	Lengua Catalana	1
22001905	Colegio de Educación Infantil y Primaria	LITERA	974 47 04 30	cplitera@educa.aragon.es	Fraga	Lengua Catalana	22001905	22001905	primaria	tercero	Lengua Catalana	2
22001905	Colegio de Educación Infantil y Primaria	LITERA	974 47 04 30	cplitera@educa.aragon.es	Fraga	Lengua Catalana	22001905	22001905	primaria	cuarto	Lengua Catalana	2
22001905	Colegio de Educación Infantil y Primaria	LITERA	974 47 04 30	cplitera@educa.aragon.es	Fraga	Lengua Catalana	22001905	22001905	primaria	quinto	Lengua Catalana	1
22001905	Colegio de Educación Infantil y Primaria	LITERA	974 47 04 30	cplitera@educa.aragon.es	Fraga	Lengua Catalana	22001905	22001905				0
22005340	Colegio de Educación Infantil y Primaria	VALLE DEL GUARGA	974 33 79 50	cpaineto@educa.aragon.es	Sabiñánigo	Aragonés	22005340	22005340	infantil	primero	Lengua Aragonesa	2
22005340	Colegio de Educación Infantil y Primaria	VALLE DEL GUARGA	974 33 79 50	cpaineto@educa.aragon.es	Sabiñánigo	Aragonés	22005340	22005340	infantil	segundo	Lengua Aragonesa	1
22005340	Colegio de Educación Infantil y Primaria	VALLE DEL GUARGA	974 33 79 50	cpaineto@educa.aragon.es	Sabiñánigo	Aragonés	22005340	22005340	primaria	primero	Lengua Aragonesa	1
22005340	Colegio de Educación Infantil y Primaria	VALLE DEL GUARGA	974 33 79 50	cpaineto@educa.aragon.es	Sabiñánigo	Aragonés	22005340	22005340	primaria	segundo	Lengua Aragonesa	1
22005340	Colegio de Educación Infantil y Primaria	VALLE DEL GUARGA	974 33 79 50	cpaineto@educa.aragon.es	Sabiñánigo	Aragonés	22005340	22005340	primaria	tercero	Lengua Aragonesa	1
22005340	Colegio de Educación Infantil y Primaria	VALLE DEL GUARGA	974 33 79 50	cpaineto@educa.aragon.es	Sabiñánigo	Aragonés	22005340	22005340	primaria	cuarto	Lengua Aragonesa	3
22005340	Colegio de Educación Infantil y Primaria	VALLE DEL GUARGA	974 33 79 50	cpaineto@educa.aragon.es	Sabiñánigo	Aragonés	22005340	22005340	primaria	sexto	Lengua Aragonesa	1
22005340	Colegio de Educación Infantil y Primaria	VALLE DEL GUARGA	974 33 79 50	cpaineto@educa.aragon.es	Sabiñánigo	Aragonés	22005340	22005340				0
22011005	Colegio de Educación Infantil y Primaria	MONTANUY	974 55 40 39	ceipmontanuy@educa.aragon.es	Montanuy	Lengua Catalana	22011005	22011005	infantil	segundo	Bilingüe Catalán	1
22011005	Colegio de Educación Infantil y Primaria	MONTANUY	974 55 40 39	ceipmontanuy@educa.aragon.es	Montanuy	Lengua Catalana	22011005	22011005	infantil	primero	Bilingüe Catalán	3
22011005	Colegio de Educación Infantil y Primaria	MONTANUY	974 55 40 39	ceipmontanuy@educa.aragon.es	Montanuy	Lengua Catalana	22011005	22011005	infantil	tercero	Bilingüe Catalán	1
22011005	Colegio de Educación Infantil y Primaria	MONTANUY	974 55 40 39	ceipmontanuy@educa.aragon.es	Montanuy	Lengua Catalana	22011005	22011005	primaria	primero	Bilingüe Catalán	2
22011005	Colegio de Educación Infantil y Primaria	MONTANUY	974 55 40 39	ceipmontanuy@educa.aragon.es	Montanuy	Lengua Catalana	22011005	22011005	primaria	segundo	Bilingüe Catalán	1
22011005	Colegio de Educación Infantil y Primaria	MONTANUY	974 55 40 39	ceipmontanuy@educa.aragon.es	Montanuy	Lengua Catalana	22011005	22011005	primaria	tercero	Bilingüe Catalán	1
22011005	Colegio de Educación Infantil y Primaria	MONTANUY	974 55 40 39	ceipmontanuy@educa.aragon.es	Montanuy	Lengua Catalana	22011005	22011005	primaria	cuarto	Bilingüe Catalán	3
22011005	Colegio de Educación Infantil y Primaria	MONTANUY	974 55 40 39	ceipmontanuy@educa.aragon.es	Montanuy	Lengua Catalana	22011005	22011005	primaria	quinto	Bilingüe Catalán	2
22011005	Colegio de Educación Infantil y Primaria	MONTANUY	974 55 40 39	ceipmontanuy@educa.aragon.es	Montanuy	Lengua Catalana	22011005	22011005	infantil	sexto	Bilingüe Catalán	3
22011005	Colegio de Educación Infantil y Primaria	MONTANUY	974 55 40 39	ceipmontanuy@educa.aragon.es	Montanuy	Lengua Catalana	22011005	22011005				0
22006095	Instituto de Enseñanza Secundaria	Castejón de Sos		iescastejons@educa.aragon.es	Castejón de Sos	Aragonés	22006095	22006095	eso	primero	Lengua Aragonesa	3
22006095	Instituto de Enseñanza Secundaria	Castejón de Sos		iescastejons@educa.aragon.es	Castejón de Sos	Aragonés	22006095	22006095	eso	tercero	Lengua Aragonesa	1
22006095	Instituto de Enseñanza Secundaria	Castejón de Sos		iescastejons@educa.aragon.es	Castejón de Sos	Aragonés	22006095	22006095	eso	cuarto	Lengua Aragonesa	1
22006095	Instituto de Enseñanza Secundaria	Castejón de Sos		iescastejons@educa.aragon.es	Castejón de Sos	Aragonés	22006095	22006095				0
44004598	Instituto de Enseñanza Secundaria	MATARRAÑA		iesvalderrobres@educa.aragon.es	Valderrobres	Lengua Catalana	44004598	44004598	eso	primero	Lengua Catalana	48
44004598	Instituto de Enseñanza Secundaria	MATARRAÑA		iesvalderrobres@educa.aragon.es	Valderrobres	Lengua Catalana	44004598	44004598	eso	segundo	Lengua Catalana	48
44004598	Instituto de Enseñanza Secundaria	MATARRAÑA		iesvalderrobres@educa.aragon.es	Valderrobres	Lengua Catalana	44004598	44004598	eso	tercero	Lengua Catalana	17
44004598	Instituto de Enseñanza Secundaria	MATARRAÑA		iesvalderrobres@educa.aragon.es	Valderrobres	Lengua Catalana	44004598	44004598	eso	cuarto	Lengua Catalana	30
44004598	Instituto de Enseñanza Secundaria	MATARRAÑA		iesvalderrobres@educa.aragon.es	Valderrobres	Lengua Catalana	44004598	44004598	bachillerato	segundo	Lengua Catalana	9
44004598	Instituto de Enseñanza Secundaria	MATARRAÑA		iesvalderrobres@educa.aragon.es	Valderrobres	Lengua Catalana	44004598	44004598				0
